l4 FAIL
MISMATCH events line 5
  A: 5 3009002040000000 0 00 00000000 ffffffff
  B: 
MISMATCH events line 6
  A: 7 341105000001f000 0 00 00000000 aaaaaaaa
  B: 
MISMATCH events line 7
  A: 8 300910a050000000 0 00 00000000 aaaaaaaa
  B: 
MISMATCH mask-events line 2
  A: w=0 k=CBRANCH_IF pc=6 ft=1 pu=1 po=0 f=00
  B: w=0 k=LOOP_BEGIN pc=2 ft=2 pu=1 po=0 f=00
MISMATCH mask-events line 3
  A: w=0 k=BREAK pc=9 ft=2 pu=0 po=0 f=00
  B: 
MISMATCH mask-events line 4
  A: w=0 k=RECONV pc=10 ft=1 pu=0 po=0 f=00
  B: 
MISMATCH state line 2
  A: PRED aaaaaaaa aaaaaaaa aaaaaaaa 00000000 00000000 00000000 00000000 00000000 00000000 00000000 00000000 00000000 00000000 00000000 00000000
  B: PRED 00000000 00000000 00000000 00000000 00000000 00000000 00000000 00000000 00000000 00000000 00000000 00000000 00000000 00000000 00000000
MISMATCH state line 4
  A: LIVE 00000000
  B: LIVE ffffffff
MISMATCH state line 5
  A: SP 00000000
  B: SP 00000002
DONE mismatch:
 G:DONE retired=50 fault=0 code=00 pc=15 live=00000000
 R:DONE retired=6 fault=1 code=02 pc=5 live=ffffffff
[diff /tmp/opencode/m5dir_hl6frg40/break_if_scrub_l4] FAIL (52 mismatches)

l8 FAIL
MISMATCH events line 5
  A: 5 3009002040000000 0 00 00000000 ffffffff
  B: 
MISMATCH events line 6
  A: 7 341105000001f000 0 00 00000000 aaaaaaaa
  B: 
MISMATCH events line 7
  A: 8 300910a050000000 0 00 00000000 aaaaaaaa
  B: 
MISMATCH mask-events line 2
  A: w=0 k=CBRANCH_IF pc=6 ft=1 pu=1 po=0 f=00
  B: w=0 k=LOOP_BEGIN pc=2 ft=2 pu=1 po=0 f=00
MISMATCH mask-events line 3
  A: w=0 k=BREAK pc=9 ft=2 pu=0 po=0 f=00
  B: 
MISMATCH mask-events line 4
  A: w=0 k=RECONV pc=10 ft=1 pu=0 po=0 f=00
  B: 
MISMATCH state line 2
  A: PRED aaaaaaaa aaaaaaaa aaaaaaaa 00000000 00000000 00000000 00000000 00000000 00000000 00000000 00000000 00000000 00000000 00000000 00000000
  B: PRED 00000000 00000000 00000000 00000000 00000000 00000000 00000000 00000000 00000000 00000000 00000000 00000000 00000000 00000000 00000000
MISMATCH state line 4
  A: LIVE 00000000
  B: LIVE ffffffff
MISMATCH state line 5
  A: SP 00000000
  B: SP 00000002
DONE mismatch:
 G:DONE retired=50 fault=0 code=00 pc=15 live=00000000
 R:DONE retired=6 fault=1 code=02 pc=5 live=ffffffff
[diff /tmp/opencode/m5dir_hl6frg40/break_if_scrub_l8] FAIL (52 mismatches)

l16 FAIL
MISMATCH events line 5
  A: 5 3009002040000000 0 00 00000000 ffffffff
  B: 
MISMATCH events line 6
  A: 7 341105000001f000 0 00 00000000 aaaaaaaa
  B: 
MISMATCH events line 7
  A: 8 300910a050000000 0 00 00000000 aaaaaaaa
  B: 
MISMATCH mask-events line 2
  A: w=0 k=CBRANCH_IF pc=6 ft=1 pu=1 po=0 f=00
  B: w=0 k=LOOP_BEGIN pc=2 ft=2 pu=1 po=0 f=00
MISMATCH mask-events line 3
  A: w=0 k=BREAK pc=9 ft=2 pu=0 po=0 f=00
  B: 
MISMATCH mask-events line 4
  A: w=0 k=RECONV pc=10 ft=1 pu=0 po=0 f=00
  B: 
MISMATCH state line 2
  A: PRED aaaaaaaa aaaaaaaa aaaaaaaa 00000000 00000000 00000000 00000000 00000000 00000000 00000000 00000000 00000000 00000000 00000000 00000000
  B: PRED 00000000 00000000 00000000 00000000 00000000 00000000 00000000 00000000 00000000 00000000 00000000 00000000 00000000 00000000 00000000
MISMATCH state line 4
  A: LIVE 00000000
  B: LIVE ffffffff
MISMATCH state line 5
  A: SP 00000000
  B: SP 00000002
DONE mismatch:
 G:DONE retired=50 fault=0 code=00 pc=15 live=00000000
 R:DONE retired=6 fault=1 code=02 pc=5 live=ffffffff
[diff /tmp/opencode/m5dir_hl6frg40/break_if_scrub_l16] FAIL (52 mismatches)

l32 FAIL
MISMATCH events line 5
  A: 5 3009002040000000 0 00 00000000 ffffffff
  B: 
MISMATCH events line 6
  A: 7 341105000001f000 0 00 00000000 aaaaaaaa
  B: 
MISMATCH events line 7
  A: 8 300910a050000000 0 00 00000000 aaaaaaaa
  B: 
MISMATCH mask-events line 2
  A: w=0 k=CBRANCH_IF pc=6 ft=1 pu=1 po=0 f=00
  B: w=0 k=LOOP_BEGIN pc=2 ft=2 pu=1 po=0 f=00
MISMATCH mask-events line 3
  A: w=0 k=BREAK pc=9 ft=2 pu=0 po=0 f=00
  B: 
MISMATCH mask-events line 4
  A: w=0 k=RECONV pc=10 ft=1 pu=0 po=0 f=00
  B: 
MISMATCH state line 2
  A: PRED aaaaaaaa aaaaaaaa aaaaaaaa 00000000 00000000 00000000 00000000 00000000 00000000 00000000 00000000 00000000 00000000 00000000 00000000
  B: PRED 00000000 00000000 00000000 00000000 00000000 00000000 00000000 00000000 00000000 00000000 00000000 00000000 00000000 00000000 00000000
MISMATCH state line 4
  A: LIVE 00000000
  B: LIVE ffffffff
MISMATCH state line 5
  A: SP 00000000
  B: SP 00000002
DONE mismatch:
 G:DONE retired=50 fault=0 code=00 pc=15 live=00000000
 R:DONE retired=6 fault=1 code=02 pc=5 live=ffffffff
[diff /tmp/opencode/m5dir_hl6frg40/break_if_scrub_l32] FAIL (52 mismatches)

l8 FAIL
M5DBG 0 LAUNCH sl=0 entry=0 cw=22 ex=ffffffff
M5DBG 0 cyc=17 st=01 iv=0000 pc0=0 ex0=ffffffff gvv=0 cls=0 flt=1
M5DBG   ex=ffffffff lv=ffffffff issbl=0
M5DBG 0 cyc=18 st=01 iv=0000 pc0=0 ex0=ffffffff gvv=0 cls=0 flt=1
M5DBG   ex=ffffffff lv=ffffffff issbl=0
M5DBG 0 cyc=19 st=01 iv=0000 pc0=0 ex0=ffffffff gvv=0 cls=0 flt=1
M5DBG   ex=ffffffff lv=ffffffff issbl=0
M5DBG 0 cyc=20 st=01 iv=0000 pc0=0 ex0=ffffffff gvv=0 cls=0 flt=1
M5DBG   ex=ffffffff lv=ffffffff issbl=0
M5DBG 0 cyc=21 st=01 iv=0001 pc0=0 ex0=ffffffff gvv=1 cls=13 flt=0
M5DBG 0 GRANT gid=0 ctrl=0 vcmp=0 vec=1 sc=0 op=0 pdst=0 cond4=0 bvr=0 bcr=0 bp=0
M5DBG   ex=ffffffff lv=ffffffff issbl=1
M5DBG 0 cyc=22 st=01 iv=0000 pc0=0 ex0=ffffffff gvv=0 cls=0 flt=1
M5DBG   ex=ffffffff lv=ffffffff issbl=0
M5DBG 0 cyc=23 st=01 iv=0000 pc0=0 ex0=ffffffff gvv=0 cls=0 flt=1
M5DBG   ex=ffffffff lv=ffffffff issbl=0
M5DBG 0 cyc=24 st=01 iv=0000 pc0=0 ex0=ffffffff gvv=0 cls=0 flt=1
M5DBG   ex=ffffffff lv=ffffffff issbl=0
M5DBG 0 cyc=25 st=01 iv=0000 pc0=0 ex0=ffffffff gvv=0 cls=0 flt=1
M5DBG   ex=ffffffff lv=ffffffff issbl=0
M5DBG 0 cyc=26 st=01 iv=0000 pc0=0 ex0=ffffffff gvv=0 cls=0 flt=1
M5DBG   ex=ffffffff lv=ffffffff issbl=0
M5DBG 0 cyc=27 st=01 iv=0000 pc0=1 ex0=ffffffff gvv=0 cls=0 flt=1
M5DBG   ex=ffffffff lv=ffffffff issbl=0
M5DBG 0 cyc=28 st=01 iv=0000 pc0=1 ex0=ffffffff gvv=0 cls=0 flt=1
M5DBG   ex=ffffffff lv=ffffffff issbl=0
M5DBG 0 cyc=29 st=01 iv=0000 pc0=1 ex0=ffffffff gvv=0 cls=0 flt=1
M5DBG   ex=ffffffff lv=ffffffff issbl=0
M5DBG 0 cyc=30 st=01 iv=0000 pc0=1 ex0=ffffffff gvv=0 cls=0 flt=1
M5DBG   ex=ffffffff lv=ffffffff issbl=0
M5DBG 0 cyc=31 st=01 iv=0001 pc0=1 ex0=ffffffff gvv=1 cls=10 flt=0
M5DBG 0 GRANT gid=0 ctrl=0 vcmp=0 vec=1 sc=0 op=0 pdst=0 cond4=0 bvr=0 bcr=0 bp=0
M5DBG   ex=ffffffff lv=ffffffff issbl=1
M5DBG 0 cyc=32 st=01 iv=0000 pc0=1 ex0=ffffffff gvv=0 cls=0 flt=1
M5DBG   ex=ffffffff lv=ffffffff issbl=0
M5DBG 0 cyc=33 st=01 iv=0000 pc0=1 ex0=ffffffff gvv=0 cls=0 flt=1
M5DBG   ex=ffffffff lv=ffffffff issbl=0
M5DBG 0 cyc=34 st=01 iv=0000 pc0=1 ex0=ffffffff gvv=0 cls=0 flt=1
M5DBG   ex=ffffffff lv=ffffffff issbl=0
M5DBG 0 cyc=35 st=01 iv=0000 pc0=1 ex0=ffffffff gvv=0 cls=0 flt=1
M5DBG   ex=ffffffff lv=ffffffff issbl=0
M5DBG 0 cyc=36 st=01 iv=0000 pc0=1 ex0=ffffffff gvv=0 cls=0 flt=1
M5DBG   ex=ffffffff lv=ffffffff issbl=0
M5DBG 0 cyc=37 st=01 iv=0000 pc0=2 ex0=ffffffff gvv=0 cls=0 flt=1
M5DBG   ex=ffffffff lv=ffffffff issbl=0
M5DBG 0 cyc=38 st=01 iv=0000 pc0=2 ex0=ffffffff gvv=0 cls=0 flt=1
M5DBG   ex=ffffffff lv=ffffffff issbl=0
M5DBG 0 cyc=39 st=01 iv=0000 pc0=2 ex0=ffffffff gvv=0 cls=0 flt=1
M5DBG   ex=ffffffff lv=ffffffff issbl=0
M5DBG 0 cyc=40 st=01 iv=0001 pc0=2 ex0=ffffffff gvv=1 cls=14 flt=0
M5DBG 0 GRANT gid=0 ctrl=1 vcmp=0 vec=0 sc=0 op=2 pdst=0 cond4=0 bvr=0 bcr=0 bp=0
M5DBG   ex=ffffffff lv=ffffffff issbl=1
M5DBG 0 cyc=41 st=01 iv=0000 pc0=2 ex0=ffffffff gvv=0 cls=0 flt=1
M5DBG   ex=ffffffff lv=ffffffff issbl=0
M5DBG 0 cyc=42 st=01 iv=0001 pc0=2 ex0=ffffffff gvv=1 cls=14 flt=0
M5DBG 0 GRANT gid=0 ctrl=1 vcmp=0 vec=0 sc=0 op=2 pdst=0 cond4=0 bvr=0 bcr=0 bp=0
M5DBG   ex=ffffffff lv=ffffffff issbl=1
M5DBG 0 MCDONE d=1 f=0 code=00 own=0 oex=ffffffff osp=1
M5DBG 0 cyc=43 st=01 iv=0000 pc0=3 ex0=ffffffff gvv=0 cls=0 flt=1
M5DBG   ex=ffffffff lv=ffffffff issbl=0
M5DBG 0 cyc=44 st=01 iv=0000 pc0=3 ex0=ffffffff gvv=0 cls=0 flt=1
M5DBG   ex=ffffffff lv=ffffffff issbl=0
M5DBG 0 MCDONE d=1 f=0 code=00 own=0 oex=ffffffff osp=2
M5DBG 0 cyc=45 st=01 iv=0000 pc0=3 ex0=ffffffff gvv=0 cls=0 flt=1
M5DBG   ex=ffffffff lv=ffffffff issbl=0
M5DBG 0 cyc=46 st=01 iv=0001 pc0=3 ex0=ffffffff gvv=1 cls=10 flt=0
M5DBG 0 GRANT gid=0 ctrl=0 vcmp=0 vec=1 sc=0 op=0 pdst=0 cond4=0 bvr=0 bcr=0 bp=0
M5DBG   ex=ffffffff lv=ffffffff issbl=1
M5DBG 0 cyc=47 st=01 iv=0000 pc0=3 ex0=ffffffff gvv=0 cls=0 flt=1
M5DBG   ex=ffffffff lv=ffffffff issbl=0
M5DBG 0 cyc=48 st=01 iv=0000 pc0=3 ex0=ffffffff gvv=0 cls=0 flt=1
M5DBG   ex=ffffffff lv=ffffffff issbl=0
M5DBG 0 cyc=49 st=01 iv=0000 pc0=3 ex0=ffffffff gvv=0 cls=0 flt=1
M5DBG   ex=ffffffff lv=ffffffff issbl=0
M5DBG 0 cyc=50 st=01 iv=0000 pc0=3 ex0=ffffffff gvv=0 cls=0 flt=1
M5DBG   ex=ffffffff lv=ffffffff issbl=0
M5DBG 0 cyc=51 st=01 iv=0000 pc0=3 ex0=ffffffff gvv=0 cls=0 flt=1
M5DBG   ex=ffffffff lv=ffffffff issbl=0
M5DBG 0 cyc=52 st=01 iv=0000 pc0=4 ex0=ffffffff gvv=0 cls=0 flt=1
M5DBG   ex=ffffffff lv=ffffffff issbl=0
M5DBG 0 cyc=53 st=01 iv=0000 pc0=4 ex0=ffffffff gvv=0 cls=0 flt=1
M5DBG   ex=ffffffff lv=ffffffff issbl=0
M5DBG 0 cyc=54 st=01 iv=0000 pc0=4 ex0=ffffffff gvv=0 cls=0 flt=1
M5DBG   ex=ffffffff lv=ffffffff issbl=0
M5DBG 0 cyc=55 st=01 iv=0000 pc0=4 ex0=ffffffff gvv=0 cls=0 flt=1
M5DBG   ex=ffffffff lv=ffffffff issbl=0
M5DBG 0 cyc=56 st=01 iv=0001 pc0=4 ex0=ffffffff gvv=1 cls=11 flt=0
M5DBG 0 GRANT gid=0 ctrl=0 vcmp=0 vec=1 sc=0 op=0 pdst=0 cond4=0 bvr=0 bcr=0 bp=0
M5DBG   ex=ffffffff lv=ffffffff issbl=1
M5DBG 0 cyc=57 st=01 iv=0000 pc0=4 ex0=ffffffff gvv=0 cls=0 flt=1
M5DBG   ex=ffffffff lv=ffffffff issbl=0
M5DBG 0 cyc=58 st=01 iv=0000 pc0=4 ex0=ffffffff gvv=0 cls=0 flt=1
M5DBG   ex=ffffffff lv=ffffffff issbl=0
M5DBG 0 cyc=59 st=01 iv=0000 pc0=4 ex0=ffffffff gvv=0 cls=0 flt=1
M5DBG   ex=ffffffff lv=ffffffff issbl=0
MISMATCH events line 5
  A: 5 3009002040000000 0 00 00000000 ffffffff
  B: 
MISMATCH events line 6
  A: 7 341105000001f000 0 00 00000000 aaaaaaaa
  B: 
MISMATCH events line 7
  A: 8 300910a050000000 0 00 00000000 aaaaaaaa
  B: 
MISMATCH mask-events line 2
  A: w=0 k=CBRANCH_IF pc=6 ft=1 pu=1 po=0 f=00
  B: w=0 k=LOOP_BEGIN pc=2 ft=2 pu=1 po=0 f=00
MISMATCH mask-events line 3
  A: w=0 k=BREAK pc=9 ft=2 pu=0 po=0 f=00
  B: 
MISMATCH mask-events line 4
  A: w=0 k=RECONV pc=10 ft=1 pu=0 po=0 f=00
  B: 
MISMATCH state line 2
  A: PRED aaaaaaaa aaaaaaaa aaaaaaaa 00000000 00000000 00000000 00000000 00000000 00000000 00000000 00000000 00000000 00000000 00000000 00000000
  B: PRED 00000000 00000000 00000000 00000000 00000000 00000000 00000000 00000000 00000000 00000000 00000000 00000000 00000000 00000000 00000000
MISMATCH state line 4
  A: LIVE 00000000
  B: LIVE ffffffff
MISMATCH state line 5
  A: SP 00000000
  B: SP 00000002
DONE mismatch:
 G:DONE retired=50 fault=0 code=00 pc=15 live=00000000
 R:DONE retired=6 fault=1 code=02 pc=5 live=ffffffff
[diff /tmp/opencode/m5dir_yqrgrzwr/break_if_scrub_l8] FAIL (52 mismatches)

l8 FAIL
MISMATCH events line 8
  A: a 10010a0a0001f000 0 00 00000000 aaaaaaaa
  B: 
MISMATCH events line 9
  A: b 0205000004000000 0 00 00000000 aaaaaaaa
  B: 
MISMATCH events line 10
  A: c 341105000003f000 0 00 00000000 55555555
  B: 
MISMATCH mask-events line 2
  A: w=0 k=CBRANCH_IF pc=6 ft=1 pu=1 po=0 f=00
  B: w=0 k=LOOP_BEGIN pc=2 ft=2 pu=1 po=0 f=00
MISMATCH mask-events line 3
  A: w=0 k=BREAK pc=9 ft=2 pu=0 po=0 f=00
  B: w=0 k=CBRANCH_IF pc=6 ft=1 pu=1 po=0 f=00
MISMATCH mask-events line 4
  A: w=0 k=RECONV pc=10 ft=1 pu=0 po=0 f=00
  B: w=0 k=CBRANCH_IF pc=6 ft=1 pu=1 po=0 f=00
MISMATCH state line 2
  A: PRED aaaaaaaa aaaaaaaa aaaaaaaa 00000000 00000000 00000000 00000000 00000000 00000000 00000000 00000000 00000000 00000000 00000000 00000000
  B: PRED aaaaaaaa 00000000 00000000 00000000 00000000 00000000 00000000 00000000 00000000 00000000 00000000 00000000 00000000 00000000 00000000
MISMATCH state line 3
  A: EXEC ffffffff
  B: EXEC 00000000
MISMATCH state line 5
  A: SP 00000000
  B: SP 00000004
DONE mismatch:
 G:DONE retired=49 fault=0 code=00 pc=14 live=00000000
 R:DONE retired=13 fault=0 code=00 pc=9 live=00000000
[diff /tmp/opencode/m5dir_vuo31uau/break_if_scrub_l8] FAIL (48 mismatches)

l8 FAIL
MISMATCH events line 8
  A: a 10010a0a0001f000 0 00 00000000 aaaaaaaa
  B: 
MISMATCH events line 9
  A: b 0205000004000000 0 00 00000000 aaaaaaaa
  B: 
MISMATCH events line 10
  A: c 341105000003f000 0 00 00000000 55555555
  B: 
MISMATCH mask-events line 2
  A: w=0 k=CBRANCH_IF pc=6 ft=1 pu=1 po=0 f=00
  B: w=0 k=LOOP_BEGIN pc=2 ft=2 pu=1 po=0 f=00
MISMATCH mask-events line 3
  A: w=0 k=BREAK pc=9 ft=2 pu=0 po=0 f=00
  B: w=0 k=CBRANCH_IF pc=6 ft=1 pu=1 po=0 f=00
MISMATCH mask-events line 4
  A: w=0 k=RECONV pc=10 ft=1 pu=0 po=0 f=00
  B: w=0 k=CBRANCH_IF pc=6 ft=1 pu=1 po=0 f=00
MISMATCH state line 2
  A: PRED aaaaaaaa aaaaaaaa aaaaaaaa 00000000 00000000 00000000 00000000 00000000 00000000 00000000 00000000 00000000 00000000 00000000 00000000
  B: PRED aaaaaaaa 00000000 00000000 00000000 00000000 00000000 00000000 00000000 00000000 00000000 00000000 00000000 00000000 00000000 00000000
MISMATCH state line 3
  A: EXEC ffffffff
  B: EXEC 00000000
MISMATCH state line 5
  A: SP 00000000
  B: SP 00000004
DONE mismatch:
 G:DONE retired=49 fault=0 code=00 pc=14 live=00000000
 R:DONE retired=13 fault=0 code=00 pc=9 live=00000000
[diff /tmp/opencode/m5dir_s8b0sx_g/break_if_scrub_l8] FAIL (48 mismatches)

l8 FAIL
MISMATCH events line 8
  A: a 10010a0a0001f000 0 00 00000000 aaaaaaaa
  B: 
MISMATCH events line 9
  A: b 0205000004000000 0 00 00000000 aaaaaaaa
  B: 
MISMATCH events line 10
  A: c 341105000003f000 0 00 00000000 55555555
  B: 
MISMATCH mask-events line 3
  A: w=0 k=BREAK pc=9 ft=2 pu=0 po=0 f=00
  B: w=0 k=BREAK pc=9 ft=0 pu=0 po=0 f=00
MISMATCH mask-events line 4
  A: w=0 k=RECONV pc=10 ft=1 pu=0 po=0 f=00
  B: w=0 k=BREAK pc=9 ft=0 pu=0 po=0 f=00
MISMATCH mask-events line 5
  A: w=0 k=CONTINUE pc=e ft=2 pu=0 po=0 f=00
  B: 
MISMATCH state line 2
  A: PRED aaaaaaaa aaaaaaaa aaaaaaaa 00000000 00000000 00000000 00000000 00000000 00000000 00000000 00000000 00000000 00000000 00000000 00000000
  B: PRED aaaaaaaa 00000000 00000000 00000000 00000000 00000000 00000000 00000000 00000000 00000000 00000000 00000000 00000000 00000000 00000000
MISMATCH state line 3
  A: EXEC ffffffff
  B: EXEC 00000000
MISMATCH state line 5
  A: SP 00000000
  B: SP 00000002
DONE mismatch:
 G:DONE retired=49 fault=0 code=00 pc=14 live=00000000
 R:DONE retired=11 fault=0 code=00 pc=9 live=00000000
[diff /tmp/opencode/m5dir_twd9wypx/break_if_scrub_l8] FAIL (47 mismatches)

l8 FAIL
MISMATCH events line 8
  A: a 10010a0a0001f000 0 00 00000000 aaaaaaaa
  B: 
MISMATCH events line 9
  A: b 0205000004000000 0 00 00000000 aaaaaaaa
  B: 
MISMATCH events line 10
  A: c 341105000003f000 0 00 00000000 55555555
  B: 
MISMATCH mask-events line 3
  A: w=0 k=BREAK pc=9 ft=2 pu=0 po=0 f=00
  B: w=0 k=BREAK pc=9 ft=1 pu=0 po=0 f=00
MISMATCH mask-events line 4
  A: w=0 k=RECONV pc=10 ft=1 pu=0 po=0 f=00
  B: w=0 k=BREAK pc=9 ft=1 pu=0 po=0 f=00
MISMATCH mask-events line 5
  A: w=0 k=CONTINUE pc=e ft=2 pu=0 po=0 f=00
  B: 
MISMATCH state line 2
  A: PRED aaaaaaaa aaaaaaaa aaaaaaaa 00000000 00000000 00000000 00000000 00000000 00000000 00000000 00000000 00000000 00000000 00000000 00000000
  B: PRED aaaaaaaa 00000000 00000000 00000000 00000000 00000000 00000000 00000000 00000000 00000000 00000000 00000000 00000000 00000000 00000000
MISMATCH state line 3
  A: EXEC ffffffff
  B: EXEC 00000000
MISMATCH state line 5
  A: SP 00000000
  B: SP 00000002
DONE mismatch:
 G:DONE retired=49 fault=0 code=00 pc=14 live=00000000
 R:DONE retired=11 fault=0 code=00 pc=9 live=00000000
[diff /tmp/opencode/m5dir_k09es4om/break_if_scrub_l8] FAIL (47 mismatches)

l8 FAIL
MISMATCH events line 8
  A: a 10010a0a0001f000 0 00 00000000 aaaaaaaa
  B: 
MISMATCH events line 9
  A: b 0205000004000000 0 00 00000000 aaaaaaaa
  B: 
MISMATCH events line 10
  A: c 341105000003f000 0 00 00000000 55555555
  B: 
MISMATCH mask-events line 3
  A: w=0 k=BREAK pc=9 ft=2 pu=0 po=0 f=00
  B: w=0 k=BREAK pc=9 ft=1 pu=0 po=0 f=00
MISMATCH mask-events line 4
  A: w=0 k=RECONV pc=10 ft=1 pu=0 po=0 f=00
  B: w=0 k=BREAK pc=9 ft=1 pu=0 po=0 f=00
MISMATCH mask-events line 5
  A: w=0 k=CONTINUE pc=e ft=2 pu=0 po=0 f=00
  B: 
MISMATCH state line 2
  A: PRED aaaaaaaa aaaaaaaa aaaaaaaa 00000000 00000000 00000000 00000000 00000000 00000000 00000000 00000000 00000000 00000000 00000000 00000000
  B: PRED aaaaaaaa 00000000 00000000 00000000 00000000 00000000 00000000 00000000 00000000 00000000 00000000 00000000 00000000 00000000 00000000
MISMATCH state line 3
  A: EXEC ffffffff
  B: EXEC 00000000
MISMATCH state line 5
  A: SP 00000000
  B: SP 00000002
DONE mismatch:
 G:DONE retired=49 fault=0 code=00 pc=14 live=00000000
 R:DONE retired=11 fault=0 code=00 pc=9 live=00000000
[diff /tmp/opencode/m5dir_ll15n3yn/break_if_scrub_l8] FAIL (47 mismatches)

l8 FAIL
MISMATCH events line 8
  A: a 10010a0a0001f000 0 00 00000000 aaaaaaaa
  B: 
MISMATCH events line 9
  A: b 0205000004000000 0 00 00000000 aaaaaaaa
  B: 
MISMATCH events line 10
  A: c 341105000003f000 0 00 00000000 55555555
  B: 
MISMATCH mask-events line 3
  A: w=0 k=BREAK pc=9 ft=2 pu=0 po=0 f=00
  B: w=0 k=BREAK pc=9 ft=1 pu=0 po=0 f=00
MISMATCH mask-events line 4
  A: w=0 k=RECONV pc=10 ft=1 pu=0 po=0 f=00
  B: w=0 k=BREAK pc=9 ft=1 pu=0 po=0 f=00
MISMATCH mask-events line 5
  A: w=0 k=CONTINUE pc=e ft=2 pu=0 po=0 f=00
  B: 
MISMATCH state line 2
  A: PRED aaaaaaaa aaaaaaaa aaaaaaaa 00000000 00000000 00000000 00000000 00000000 00000000 00000000 00000000 00000000 00000000 00000000 00000000
  B: PRED aaaaaaaa 00000000 00000000 00000000 00000000 00000000 00000000 00000000 00000000 00000000 00000000 00000000 00000000 00000000 00000000
MISMATCH state line 3
  A: EXEC ffffffff
  B: EXEC 00000000
MISMATCH state line 5
  A: SP 00000000
  B: SP 00000002
DONE mismatch:
 G:DONE retired=49 fault=0 code=00 pc=14 live=00000000
 R:DONE retired=11 fault=0 code=00 pc=9 live=00000000
[diff /tmp/opencode/m5dir_9qpvt_kl/break_if_scrub_l8] FAIL (47 mismatches)

l8 FAIL
MISMATCH events line 8
  A: a 10010a0a0001f000 0 00 00000000 aaaaaaaa
  B: c 341105000003f000 0 00 00000000 55555555
MISMATCH events line 9
  A: b 0205000004000000 0 00 00000000 aaaaaaaa
  B: d 300910a050000000 0 00 00000000 55555555
MISMATCH events line 10
  A: c 341105000003f000 0 00 00000000 55555555
  B: f 10010a0a0001f000 0 00 00000000 55555555
MISMATCH mask-events line 3
  A: w=0 k=BREAK pc=9 ft=2 pu=0 po=0 f=00
  B: w=0 k=BREAK pc=9 ft=1 pu=0 po=0 f=00
MISMATCH mask-events line 4
  A: w=0 k=RECONV pc=10 ft=1 pu=0 po=0 f=00
  B: w=0 k=CONTINUE pc=e ft=1 pu=0 po=0 f=00
MISMATCH mask-events line 5
  A: w=0 k=CONTINUE pc=e ft=2 pu=0 po=0 f=00
  B: w=0 k=RECONV pc=10 ft=1 pu=0 po=1 f=00
MISMATCH state line 2
  A: PRED aaaaaaaa aaaaaaaa aaaaaaaa 00000000 00000000 00000000 00000000 00000000 00000000 00000000 00000000 00000000 00000000 00000000 00000000
  B: PRED aaaaaaaa 00000000 55555555 00000000 00000000 00000000 00000000 00000000 00000000 00000000 00000000 00000000 00000000 00000000 00000000
MISMATCH state line 16
  A: VGPR 0a 00000003 00000001 00000003 00000001 00000003 00000001 00000003 00000001 00000003 00000001 00000003 00000001 00000003 00000001 00000003 00000001 00000003 00000001 00000003 00000001 00000003 00000001 00000003 00000001 00000003 00000001 00000003 00000001 00000003 00000001 00000003 00000001
  B: VGPR 0a 00000001 00000000 00000001 00000000 00000001 00000000 00000001 00000000 00000001 00000000 00000001 00000000 00000001 00000000 00000001 00000000 00000001 00000000 00000001 00000000 00000001 00000000 00000001 00000000 00000001 00000000 00000001 00000000 00000001 00000000 00000001 00000000
DONE mismatch:
 G:DONE retired=47 fault=0 code=00 pc=14 live=00000000
 R:DONE retired=19 fault=0 code=00 pc=14 live=00000000
[diff /tmp/opencode/m5dir_o9k0h59b/break_if_scrub_l8] FAIL (41 mismatches)

l8 FAIL
MISMATCH events line 8
  A: a 10010a0a0001f000 0 00 00000000 aaaaaaaa
  B: c 341105000003f000 0 00 00000000 55555555
MISMATCH events line 9
  A: b 0205000004000000 0 00 00000000 aaaaaaaa
  B: d 300910a050000000 0 00 00000000 55555555
MISMATCH events line 10
  A: c 341105000003f000 0 00 00000000 55555555
  B: f 10010a0a0001f000 0 00 00000000 55555555
MISMATCH mask-events line 3
  A: w=0 k=BREAK pc=9 ft=2 pu=0 po=0 f=00
  B: w=0 k=BREAK pc=9 ft=1 pu=0 po=0 f=00
MISMATCH mask-events line 4
  A: w=0 k=RECONV pc=10 ft=1 pu=0 po=0 f=00
  B: w=0 k=CONTINUE pc=e ft=1 pu=0 po=0 f=00
MISMATCH mask-events line 5
  A: w=0 k=CONTINUE pc=e ft=2 pu=0 po=0 f=00
  B: w=0 k=RECONV pc=10 ft=1 pu=0 po=1 f=00
MISMATCH state line 2
  A: PRED aaaaaaaa aaaaaaaa aaaaaaaa 00000000 00000000 00000000 00000000 00000000 00000000 00000000 00000000 00000000 00000000 00000000 00000000
  B: PRED aaaaaaaa 00000000 55555555 00000000 00000000 00000000 00000000 00000000 00000000 00000000 00000000 00000000 00000000 00000000 00000000
MISMATCH state line 16
  A: VGPR 0a 00000003 00000001 00000003 00000001 00000003 00000001 00000003 00000001 00000003 00000001 00000003 00000001 00000003 00000001 00000003 00000001 00000003 00000001 00000003 00000001 00000003 00000001 00000003 00000001 00000003 00000001 00000003 00000001 00000003 00000001 00000003 00000001
  B: VGPR 0a 00000001 00000000 00000001 00000000 00000001 00000000 00000001 00000000 00000001 00000000 00000001 00000000 00000001 00000000 00000001 00000000 00000001 00000000 00000001 00000000 00000001 00000000 00000001 00000000 00000001 00000000 00000001 00000000 00000001 00000000 00000001 00000000
DONE mismatch:
 G:DONE retired=47 fault=0 code=00 pc=14 live=00000000
 R:DONE retired=19 fault=0 code=00 pc=14 live=00000000
[diff /tmp/opencode/m5dir_p0bea3s_/break_if_scrub_l8] FAIL (41 mismatches)

l8 FAIL
MISMATCH events line 20
  A: a 10010a0a0001f000 0 00 00000000 55555555
  B: c 341105000003f000 0 00 00000000 55555555
MISMATCH events line 21
  A: b 0205000004000000 0 00 00000000 55555555
  B: d 300910a050000000 0 00 00000000 55555555
MISMATCH events line 22
  A: 11 341105000003f000 0 00 00000000 55555555
  B: f 10010a0a0001f000 0 00 00000000 55555555
MISMATCH mask-events line 3
  A: w=0 k=BREAK pc=9 ft=2 pu=0 po=0 f=00
  B: w=0 k=BREAK pc=9 ft=1 pu=0 po=0 f=00
MISMATCH mask-events line 5
  A: w=0 k=CONTINUE pc=e ft=2 pu=0 po=0 f=00
  B: w=0 k=CONTINUE pc=e ft=1 pu=0 po=0 f=00
MISMATCH mask-events line 9
  A: w=0 k=UNWIND_RESUME pc=c ft=1 pu=0 po=0 f=00
  B: w=0 k=BREAK pc=9 ft=1 pu=0 po=0 f=00
DONE mismatch:
 G:DONE retired=47 fault=0 code=00 pc=14 live=00000000
 R:DONE retired=49 fault=0 code=00 pc=14 live=00000000
[diff /tmp/opencode/m5dir_6g6w9152/break_if_scrub_l8] FAIL (25 mismatches)

l8 FAIL
MISMATCH events line 20
  A: a 10010a0a0001f000 0 00 00000000 55555555
  B: c 341105000003f000 0 00 00000000 55555555
MISMATCH events line 21
  A: b 0205000004000000 0 00 00000000 55555555
  B: d 300910a050000000 0 00 00000000 55555555
MISMATCH events line 22
  A: 11 341105000003f000 0 00 00000000 55555555
  B: f 10010a0a0001f000 0 00 00000000 55555555
MISMATCH mask-events line 3
  A: w=0 k=BREAK pc=9 ft=2 pu=0 po=0 f=00
  B: w=0 k=BREAK pc=9 ft=1 pu=0 po=0 f=00
MISMATCH mask-events line 5
  A: w=0 k=CONTINUE pc=e ft=2 pu=0 po=0 f=00
  B: w=0 k=CONTINUE pc=e ft=1 pu=0 po=0 f=00
MISMATCH mask-events line 9
  A: w=0 k=UNWIND_RESUME pc=c ft=1 pu=0 po=0 f=00
  B: w=0 k=BREAK pc=9 ft=1 pu=0 po=0 f=00
DONE mismatch:
 G:DONE retired=47 fault=0 code=00 pc=14 live=00000000
 R:DONE retired=49 fault=0 code=00 pc=14 live=00000000
[diff /tmp/opencode/m5dir_3gdj54qr/break_if_scrub_l8] FAIL (25 mismatches)

l8 FAIL
M5DBG 0 LAUNCH sl=0 entry=0 cw=21 ex=ffffffff
M5DBG 0 cyc=17 st=01 iv=0000 pc0=0 ex0=ffffffff gvv=0 cls=0 flt=1
M5DBG   ex=ffffffff lv=ffffffff issbl=0
M5DBG 0 cyc=18 st=01 iv=0000 pc0=0 ex0=ffffffff gvv=0 cls=0 flt=1
M5DBG   ex=ffffffff lv=ffffffff issbl=0
M5DBG 0 cyc=19 st=01 iv=0000 pc0=0 ex0=ffffffff gvv=0 cls=0 flt=1
M5DBG   ex=ffffffff lv=ffffffff issbl=0
M5DBG 0 cyc=20 st=01 iv=0000 pc0=0 ex0=ffffffff gvv=0 cls=0 flt=1
M5DBG   ex=ffffffff lv=ffffffff issbl=0
M5DBG 0 cyc=21 st=01 iv=0001 pc0=0 ex0=ffffffff gvv=1 cls=13 flt=0
M5DBG 0 GRANT gid=0 ctrl=0 vcmp=0 vec=1 sc=0 op=0 pdst=0 cond4=0 pw=ffffffff pc=0     61440 0
M5DBG   ex=ffffffff lv=ffffffff issbl=1
M5DBG 0 cyc=22 st=01 iv=0000 pc0=0 ex0=ffffffff gvv=0 cls=0 flt=1
M5DBG   ex=ffffffff lv=ffffffff issbl=0
M5DBG 0 cyc=23 st=01 iv=0000 pc0=0 ex0=ffffffff gvv=0 cls=0 flt=1
M5DBG   ex=ffffffff lv=ffffffff issbl=0
M5DBG 0 cyc=24 st=01 iv=0000 pc0=0 ex0=ffffffff gvv=0 cls=0 flt=1
M5DBG   ex=ffffffff lv=ffffffff issbl=0
M5DBG 0 cyc=25 st=01 iv=0000 pc0=0 ex0=ffffffff gvv=0 cls=0 flt=1
M5DBG   ex=ffffffff lv=ffffffff issbl=0
M5DBG 0 cyc=26 st=01 iv=0000 pc0=0 ex0=ffffffff gvv=0 cls=0 flt=1
M5DBG   ex=ffffffff lv=ffffffff issbl=0
M5DBG 0 cyc=27 st=01 iv=0000 pc0=1 ex0=ffffffff gvv=0 cls=0 flt=1
M5DBG   ex=ffffffff lv=ffffffff issbl=0
M5DBG 0 cyc=28 st=01 iv=0000 pc0=1 ex0=ffffffff gvv=0 cls=0 flt=1
M5DBG   ex=ffffffff lv=ffffffff issbl=0
M5DBG 0 cyc=29 st=01 iv=0000 pc0=1 ex0=ffffffff gvv=0 cls=0 flt=1
M5DBG   ex=ffffffff lv=ffffffff issbl=0
M5DBG 0 cyc=30 st=01 iv=0000 pc0=1 ex0=ffffffff gvv=0 cls=0 flt=1
M5DBG   ex=ffffffff lv=ffffffff issbl=0
M5DBG 0 cyc=31 st=01 iv=0001 pc0=1 ex0=ffffffff gvv=1 cls=10 flt=0
M5DBG 0 GRANT gid=0 ctrl=0 vcmp=0 vec=1 sc=0 op=0 pdst=0 cond4=0 pw=ffffffff pc=1     61440 0
M5DBG   ex=ffffffff lv=ffffffff issbl=1
M5DBG 0 cyc=32 st=01 iv=0000 pc0=1 ex0=ffffffff gvv=0 cls=0 flt=1
M5DBG   ex=ffffffff lv=ffffffff issbl=0
M5DBG 0 cyc=33 st=01 iv=0000 pc0=1 ex0=ffffffff gvv=0 cls=0 flt=1
M5DBG   ex=ffffffff lv=ffffffff issbl=0
M5DBG 0 cyc=34 st=01 iv=0000 pc0=1 ex0=ffffffff gvv=0 cls=0 flt=1
M5DBG   ex=ffffffff lv=ffffffff issbl=0
M5DBG 0 cyc=35 st=01 iv=0000 pc0=1 ex0=ffffffff gvv=0 cls=0 flt=1
M5DBG   ex=ffffffff lv=ffffffff issbl=0
M5DBG 0 cyc=36 st=01 iv=0000 pc0=1 ex0=ffffffff gvv=0 cls=0 flt=1
M5DBG   ex=ffffffff lv=ffffffff issbl=0
M5DBG 0 cyc=37 st=01 iv=0000 pc0=2 ex0=ffffffff gvv=0 cls=0 flt=1
M5DBG   ex=ffffffff lv=ffffffff issbl=0
M5DBG 0 cyc=38 st=01 iv=0000 pc0=2 ex0=ffffffff gvv=0 cls=0 flt=1
M5DBG   ex=ffffffff lv=ffffffff issbl=0
M5DBG 0 cyc=39 st=01 iv=0000 pc0=2 ex0=ffffffff gvv=0 cls=0 flt=1
M5DBG   ex=ffffffff lv=ffffffff issbl=0
M5DBG 0 cyc=40 st=01 iv=0001 pc0=2 ex0=ffffffff gvv=1 cls=14 flt=0
M5DBG 0 GRANT gid=0 ctrl=1 vcmp=0 vec=0 sc=0 op=2 pdst=0 cond4=0 pw=00000000 pc=2 268435456 0
M5DBG   ex=ffffffff lv=ffffffff issbl=1
M5ENGIN 0 op=2 sp=0 li=32 tft=00 ph=0 ma=00000000 pc=2
M5DBG 0 cyc=41 st=01 iv=0000 pc0=2 ex0=ffffffff gvv=0 cls=0 flt=1
M5DBG   ex=ffffffff lv=ffffffff issbl=0
M5ENGIN 0 RESULT done=1 fault=0 pop=0 pc=3 we=1 ex=ffffffff st=0
M5DBG 0 cyc=42 st=01 iv=0000 pc0=2 ex0=ffffffff gvv=0 cls=0 flt=1
M5DBG   ex=ffffffff lv=ffffffff issbl=0
M5DBG 0 MCDONE d=1 f=0 code=00 own=0 oex=ffffffff osp=1
M5DBG 0 cyc=43 st=01 iv=0000 pc0=3 ex0=ffffffff gvv=0 cls=0 flt=1
M5DBG   ex=ffffffff lv=ffffffff issbl=0
M5DBG 0 cyc=44 st=01 iv=0000 pc0=3 ex0=ffffffff gvv=0 cls=0 flt=1
M5DBG   ex=ffffffff lv=ffffffff issbl=0
M5DBG 0 cyc=45 st=01 iv=0000 pc0=3 ex0=ffffffff gvv=0 cls=0 flt=1
M5DBG   ex=ffffffff lv=ffffffff issbl=0
M5DBG 0 cyc=46 st=01 iv=0001 pc0=3 ex0=ffffffff gvv=1 cls=10 flt=0
M5DBG 0 GRANT gid=0 ctrl=0 vcmp=0 vec=1 sc=0 op=0 pdst=0 cond4=0 pw=ffffffff pc=3    126976 0
M5DBG   ex=ffffffff lv=ffffffff issbl=1
M5DBG 0 cyc=47 st=01 iv=0000 pc0=3 ex0=ffffffff gvv=0 cls=0 flt=1
M5DBG   ex=ffffffff lv=ffffffff issbl=0
M5DBG 0 cyc=48 st=01 iv=0000 pc0=3 ex0=ffffffff gvv=0 cls=0 flt=1
M5DBG   ex=ffffffff lv=ffffffff issbl=0
M5DBG 0 cyc=49 st=01 iv=0000 pc0=3 ex0=ffffffff gvv=0 cls=0 flt=1
M5DBG   ex=ffffffff lv=ffffffff issbl=0
M5DBG 0 cyc=50 st=01 iv=0000 pc0=3 ex0=ffffffff gvv=0 cls=0 flt=1
M5DBG   ex=ffffffff lv=ffffffff issbl=0
M5DBG 0 cyc=51 st=01 iv=0000 pc0=3 ex0=ffffffff gvv=0 cls=0 flt=1
M5DBG   ex=ffffffff lv=ffffffff issbl=0
M5DBG 0 cyc=52 st=01 iv=0000 pc0=4 ex0=ffffffff gvv=0 cls=0 flt=1
M5DBG   ex=ffffffff lv=ffffffff issbl=0
M5DBG 0 cyc=53 st=01 iv=0000 pc0=4 ex0=ffffffff gvv=0 cls=0 flt=1
M5DBG   ex=ffffffff lv=ffffffff issbl=0
M5DBG 0 cyc=54 st=01 iv=0000 pc0=4 ex0=ffffffff gvv=0 cls=0 flt=1
M5DBG   ex=ffffffff lv=ffffffff issbl=0
M5DBG 0 cyc=55 st=01 iv=0000 pc0=4 ex0=ffffffff gvv=0 cls=0 flt=1
M5DBG   ex=ffffffff lv=ffffffff issbl=0
M5DBG 0 cyc=56 st=01 iv=0001 pc0=4 ex0=ffffffff gvv=1 cls=11 flt=0
M5DBG 0 GRANT gid=0 ctrl=0 vcmp=0 vec=1 sc=0 op=0 pdst=0 cond4=0 pw=ffffffff pc=4  67170304 0
M5DBG   ex=ffffffff lv=ffffffff issbl=1
M5DBG 0 cyc=57 st=01 iv=0000 pc0=4 ex0=ffffffff gvv=0 cls=0 flt=1
M5DBG   ex=ffffffff lv=ffffffff issbl=0
M5DBG 0 cyc=58 st=01 iv=0000 pc0=4 ex0=ffffffff gvv=0 cls=0 flt=1
M5DBG   ex=ffffffff lv=ffffffff issbl=0
M5DBG 0 cyc=59 st=01 iv=0000 pc0=4 ex0=ffffffff gvv=0 cls=0 flt=1
M5DBG   ex=ffffffff lv=ffffffff issbl=0
M5DBG 0 cyc=60 st=01 iv=0000 pc0=4 ex0=ffffffff gvv=0 cls=0 flt=1
M5DBG   ex=ffffffff lv=ffffffff issbl=0
M5DBG 0 cyc=61 st=01 iv=0000 pc0=4 ex0=ffffffff gvv=0 cls=0 flt=1
M5DBG   ex=ffffffff lv=ffffffff issbl=0
M5DBG 0 cyc=62 st=01 iv=0000 pc0=5 ex0=ffffffff gvv=0 cls=0 flt=1
M5DBG   ex=ffffffff lv=ffffffff issbl=0
M5DBG 0 cyc=63 st=01 iv=0000 pc0=5 ex0=ffffffff gvv=0 cls=0 flt=1
M5DBG   ex=ffffffff lv=ffffffff issbl=0
M5DBG 0 cyc=64 st=01 iv=0000 pc0=5 ex0=ffffffff gvv=0 cls=0 flt=1
M5DBG   ex=ffffffff lv=ffffffff issbl=0
M5DBG 0 cyc=65 st=01 iv=0001 pc0=5 ex0=ffffffff gvv=1 cls=15 flt=0
M5DBG 0 GRANT gid=0 ctrl=0 vcmp=1 vec=0 sc=0 op=0 pdst=0 cond4=0 pw=00000000 pc=51073741824 0
M5DBG   ex=ffffffff lv=ffffffff issbl=1
M5DBG 0 cyc=66 st=01 iv=0000 pc0=5 ex0=ffffffff gvv=0 cls=0 flt=1
M5DBG   ex=ffffffff lv=ffffffff issbl=0
M5DBG 0 cyc=67 st=01 iv=0000 pc0=5 ex0=ffffffff gvv=0 cls=0 flt=1
M5DBG   ex=ffffffff lv=ffffffff issbl=0
M5DBG 0 cyc=68 st=01 iv=0000 pc0=5 ex0=ffffffff gvv=0 cls=0 flt=1
M5DBG   ex=ffffffff lv=ffffffff issbl=0
M5DBG 0 cyc=69 st=01 iv=0000 pc0=5 ex0=ffffffff gvv=0 cls=0 flt=1
M5DBG   ex=ffffffff lv=ffffffff issbl=0
M5DBG 0 cyc=70 st=01 iv=0000 pc0=5 ex0=ffffffff gvv=0 cls=0 flt=1
M5DBG   ex=ffffffff lv=ffffffff issbl=0
M5DBG 0 cyc=71 st=01 iv=0000 pc0=6 ex0=ffffffff gvv=0 cls=0 flt=1
M5DBG   ex=ffffffff lv=ffffffff issbl=0
M5DBG 0 cyc=72 st=01 iv=0000 pc0=6 ex0=ffffffff gvv=0 cls=0 flt=1
M5DBG   ex=ffffffff lv=ffffffff issbl=0
M5DBG 0 cyc=73 st=01 iv=0000 pc0=6 ex0=ffffffff gvv=0 cls=0 flt=1
M5DBG   ex=ffffffff lv=ffffffff issbl=0
M5DEC 0 insn=7c15000005000009 cond4=0
M5DBG 0 cyc=74 st=01 iv=0001 pc0=6 ex0=ffffffff gvv=1 cls=14 flt=0
M5DBG 0 GRANT gid=0 ctrl=1 vcmp=0 vec=0 sc=0 op=0 pdst=0 cond4=0 pw=aaaaaaaa pc=6  83886089 0
M5DBG   ex=ffffffff lv=ffffffff issbl=1
M5DEC 0 insn=7c15000005000009 cond4=0
M5ENGIN 0 op=0 sp=1 li=0 tft=10 ph=0 ma=ffffffff pc=6
M5DBG 0 cyc=75 st=01 iv=0000 pc0=6 ex0=ffffffff gvv=0 cls=0 flt=1
M5DBG   ex=ffffffff lv=ffffffff issbl=0
M5DEC 0 insn=7c15000005000009 cond4=0
M5ENGIN 0 RESULT done=1 fault=0 pop=0 pc=7 we=1 ex=aaaaaaaa st=0
M5DBG 0 cyc=76 st=01 iv=0000 pc0=6 ex0=ffffffff gvv=0 cls=0 flt=1
M5DBG   ex=ffffffff lv=ffffffff issbl=0
M5DBG 0 MCDONE d=1 f=0 code=00 own=0 oex=aaaaaaaa osp=2
M5DEC 0 insn=7c15000005000009 cond4=0
M5DBG 0 cyc=77 st=01 iv=0000 pc0=7 ex0=aaaaaaaa gvv=0 cls=0 flt=1
M5DBG   ex=aaaaaaaa lv=ffffffff issbl=0
M5DEC 0 insn=7c15000005000009 cond4=0
M5DBG 0 cyc=78 st=01 iv=0000 pc0=7 ex0=aaaaaaaa gvv=0 cls=0 flt=1
M5DBG   ex=aaaaaaaa lv=ffffffff issbl=0
M5DEC 0 insn=7c15000005000009 cond4=0
M5DBG 0 cyc=79 st=01 iv=0000 pc0=7 ex0=aaaaaaaa gvv=0 cls=0 flt=1
M5DBG   ex=aaaaaaaa lv=ffffffff issbl=0
M5DBG 0 cyc=80 st=01 iv=0001 pc0=7 ex0=aaaaaaaa gvv=1 cls=10 flt=0
M5DBG 0 GRANT gid=0 ctrl=0 vcmp=0 vec=1 sc=0 op=0 pdst=0 cond4=0 pw=ffffffff pc=7    126976 0
M5DBG   ex=aaaaaaaa lv=ffffffff issbl=1
M5DBG 0 cyc=81 st=01 iv=0000 pc0=7 ex0=aaaaaaaa gvv=0 cls=0 flt=1
M5DBG   ex=aaaaaaaa lv=ffffffff issbl=0
M5DBG 0 cyc=82 st=01 iv=0000 pc0=7 ex0=aaaaaaaa gvv=0 cls=0 flt=1
M5DBG   ex=aaaaaaaa lv=ffffffff issbl=0
M5DBG 0 cyc=83 st=01 iv=0000 pc0=7 ex0=aaaaaaaa gvv=0 cls=0 flt=1
M5DBG   ex=aaaaaaaa lv=ffffffff issbl=0
M5DBG 0 cyc=84 st=01 iv=0000 pc0=7 ex0=aaaaaaaa gvv=0 cls=0 flt=1
M5DBG   ex=aaaaaaaa lv=ffffffff issbl=0
M5DBG 0 cyc=85 st=01 iv=0000 pc0=7 ex0=aaaaaaaa gvv=0 cls=0 flt=1
M5DBG   ex=aaaaaaaa lv=ffffffff issbl=0
M5DBG 0 cyc=86 st=01 iv=0000 pc0=8 ex0=aaaaaaaa gvv=0 cls=0 flt=1
M5DBG   ex=aaaaaaaa lv=ffffffff issbl=0
M5DBG 0 cyc=87 st=01 iv=0000 pc0=8 ex0=aaaaaaaa gvv=0 cls=0 flt=1
M5DBG   ex=aaaaaaaa lv=ffffffff issbl=0
M5DBG 0 cyc=88 st=01 iv=0000 pc0=8 ex0=aaaaaaaa gvv=0 cls=0 flt=1
M5DBG   ex=aaaaaaaa lv=ffffffff issbl=0
M5DBG 0 cyc=89 st=01 iv=0001 pc0=8 ex0=aaaaaaaa gvv=1 cls=15 flt=0
M5DBG 0 GRANT gid=0 ctrl=0 vcmp=1 vec=0 sc=0 op=0 pdst=1 cond4=0 pw=00000000 pc=81342177280 0
M5DBG   ex=aaaaaaaa lv=ffffffff issbl=1
M5DBG 0 cyc=90 st=01 iv=0000 pc0=8 ex0=aaaaaaaa gvv=0 cls=0 flt=1
M5DBG   ex=aaaaaaaa lv=ffffffff issbl=0
M5DBG 0 cyc=91 st=01 iv=0000 pc0=8 ex0=aaaaaaaa gvv=0 cls=0 flt=1
M5DBG   ex=aaaaaaaa lv=ffffffff issbl=0
M5DBG 0 cyc=92 st=01 iv=0000 pc0=8 ex0=aaaaaaaa gvv=0 cls=0 flt=1
M5DBG   ex=aaaaaaaa lv=ffffffff issbl=0
M5DBG 0 cyc=93 st=01 iv=0000 pc0=8 ex0=aaaaaaaa gvv=0 cls=0 flt=1
M5DBG   ex=aaaaaaaa lv=ffffffff issbl=0
M5DBG 0 cyc=94 st=01 iv=0000 pc0=8 ex0=aaaaaaaa gvv=0 cls=0 flt=1
M5DBG   ex=aaaaaaaa lv=ffffffff issbl=0
M5DBG 0 cyc=95 st=01 iv=0000 pc0=9 ex0=aaaaaaaa gvv=0 cls=0 flt=1
M5DBG   ex=aaaaaaaa lv=ffffffff issbl=0
M5DBG 0 cyc=96 st=01 iv=0000 pc0=9 ex0=aaaaaaaa gvv=0 cls=0 flt=1
M5DBG   ex=aaaaaaaa lv=ffffffff issbl=0
M5DBG 0 cyc=97 st=01 iv=0000 pc0=9 ex0=aaaaaaaa gvv=0 cls=0 flt=1
M5DBG   ex=aaaaaaaa lv=ffffffff issbl=0
M5DBG 0 cyc=98 st=01 iv=0001 pc0=9 ex0=aaaaaaaa gvv=1 cls=14 flt=0
M5DBG 0 GRANT gid=0 ctrl=1 vcmp=0 vec=0 sc=0 op=4 pdst=0 cond4=1 pw=00000000 pc=9   1048576 1
M5DBG   ex=aaaaaaaa lv=ffffffff issbl=1
M5ENGIN 0 op=4 sp=2 li=0 tft=01 ph=0 ma=55555555 pc=9
M5DBG 0 cyc=99 st=01 iv=0000 pc0=9 ex0=aaaaaaaa gvv=0 cls=0 flt=1
M5DBG   ex=aaaaaaaa lv=ffffffff issbl=0
M5DBG 0 cyc=100 st=01 iv=0000 pc0=9 ex0=aaaaaaaa gvv=0 cls=0 flt=1
M5DBG   ex=aaaaaaaa lv=ffffffff issbl=0
M5DBG 0 cyc=101 st=01 iv=0000 pc0=9 ex0=aaaaaaaa gvv=0 cls=0 flt=1
M5DBG   ex=aaaaaaaa lv=ffffffff issbl=0
M5ENGIN 0 RESULT done=1 fault=0 pop=0 pc=10 we=1 ex=aaaaaaaa st=0
M5DBG 0 cyc=102 st=01 iv=0000 pc0=9 ex0=aaaaaaaa gvv=0 cls=0 flt=1
M5DBG   ex=aaaaaaaa lv=ffffffff issbl=0
M5DBG 0 MCDONE d=1 f=0 code=00 own=0 oex=aaaaaaaa osp=2
M5DBG 0 cyc=103 st=01 iv=0000 pc0=10 ex0=aaaaaaaa gvv=0 cls=0 flt=1
M5DBG   ex=aaaaaaaa lv=ffffffff issbl=0
M5DBG 0 cyc=104 st=01 iv=0000 pc0=10 ex0=aaaaaaaa gvv=0 cls=0 flt=1
M5DBG   ex=aaaaaaaa lv=ffffffff issbl=0
M5DBG 0 cyc=105 st=01 iv=0000 pc0=10 ex0=aaaaaaaa gvv=0 cls=0 flt=1
M5DBG   ex=aaaaaaaa lv=ffffffff issbl=0
M5DBG 0 cyc=106 st=01 iv=0001 pc0=10 ex0=aaaaaaaa gvv=1 cls=11 flt=0
M5DBG 0 GRANT gid=0 ctrl=0 vcmp=0 vec=1 sc=0 op=0 pdst=0 cond4=0 pw=ffffffff pc=10    126976 0
M5DBG   ex=aaaaaaaa lv=ffffffff issbl=1
M5DBG 0 cyc=107 st=01 iv=0000 pc0=10 ex0=aaaaaaaa gvv=0 cls=0 flt=1
M5DBG   ex=aaaaaaaa lv=ffffffff issbl=0
M5DBG 0 cyc=108 st=01 iv=0000 pc0=10 ex0=aaaaaaaa gvv=0 cls=0 flt=1
M5DBG   ex=aaaaaaaa lv=ffffffff issbl=0
M5DBG 0 cyc=109 st=01 iv=0000 pc0=10 ex0=aaaaaaaa gvv=0 cls=0 flt=1
M5DBG   ex=aaaaaaaa lv=ffffffff issbl=0
M5DBG 0 cyc=110 st=01 iv=0000 pc0=10 ex0=aaaaaaaa gvv=0 cls=0 flt=1
M5DBG   ex=aaaaaaaa lv=ffffffff issbl=0
M5DBG 0 cyc=111 st=01 iv=0000 pc0=10 ex0=aaaaaaaa gvv=0 cls=0 flt=1
M5DBG   ex=aaaaaaaa lv=ffffffff issbl=0
M5DBG 0 cyc=112 st=01 iv=0000 pc0=11 ex0=aaaaaaaa gvv=0 cls=0 flt=1
M5DBG   ex=aaaaaaaa lv=ffffffff issbl=0
M5DBG 0 cyc=113 st=01 iv=0000 pc0=11 ex0=aaaaaaaa gvv=0 cls=0 flt=1
M5DBG   ex=aaaaaaaa lv=ffffffff issbl=0
M5DBG 0 cyc=114 st=01 iv=0000 pc0=11 ex0=aaaaaaaa gvv=0 cls=0 flt=1
M5DBG   ex=aaaaaaaa lv=ffffffff issbl=0
M5DBG 0 cyc=115 st=01 iv=0000 pc0=11 ex0=aaaaaaaa gvv=0 cls=0 flt=1
M5DBG   ex=aaaaaaaa lv=ffffffff issbl=0
M5DBG 0 cyc=116 st=01 iv=0001 pc0=11 ex0=aaaaaaaa gvv=1 cls=5 flt=0
M5DBG 0 GRANT gid=0 ctrl=0 vcmp=0 vec=0 sc=1 op=0 pdst=0 cond4=0 pw=ffffffff pc=11  67108864 0
M5DBG   ex=aaaaaaaa lv=ffffffff issbl=1
M5DBG 0 cyc=117 st=01 iv=0000 pc0=16 ex0=aaaaaaaa gvv=0 cls=0 flt=1
M5DBG   ex=aaaaaaaa lv=ffffffff issbl=0
M5DBG 0 cyc=118 st=01 iv=0000 pc0=16 ex0=aaaaaaaa gvv=0 cls=0 flt=1
M5DBG   ex=aaaaaaaa lv=ffffffff issbl=0
M5DBG 0 cyc=119 st=01 iv=0000 pc0=16 ex0=aaaaaaaa gvv=0 cls=0 flt=1
M5DBG   ex=aaaaaaaa lv=ffffffff issbl=0
M5DBG 0 cyc=120 st=01 iv=0001 pc0=16 ex0=aaaaaaaa gvv=1 cls=14 flt=0
M5DBG 0 GRANT gid=0 ctrl=1 vcmp=0 vec=0 sc=0 op=1 pdst=0 cond4=0 pw=aaaaaaaa pc=16         0 0
M5DBG   ex=aaaaaaaa lv=ffffffff issbl=1
M5ENGIN 0 op=1 sp=2 li=0 tft=01 ph=0 ma=55555555 pc=16
M5DBG 0 cyc=121 st=01 iv=0000 pc0=16 ex0=aaaaaaaa gvv=0 cls=0 flt=1
M5DBG   ex=aaaaaaaa lv=ffffffff issbl=0
M5ENGIN 0 RESULT done=1 fault=0 pop=0 pc=12 we=1 ex=55555555 st=0
M5DBG 0 cyc=122 st=01 iv=0000 pc0=16 ex0=aaaaaaaa gvv=0 cls=0 flt=1
M5DBG   ex=aaaaaaaa lv=ffffffff issbl=0
M5DBG 0 MCDONE d=1 f=0 code=00 own=0 oex=55555555 osp=2
M5DBG 0 cyc=123 st=01 iv=0000 pc0=12 ex0=55555555 gvv=0 cls=0 flt=1
M5DBG   ex=55555555 lv=ffffffff issbl=0
M5DBG 0 cyc=124 st=01 iv=0000 pc0=12 ex0=55555555 gvv=0 cls=0 flt=1
M5DBG   ex=55555555 lv=ffffffff issbl=0
M5DBG 0 cyc=125 st=01 iv=0000 pc0=12 ex0=55555555 gvv=0 cls=0 flt=1
M5DBG   ex=55555555 lv=ffffffff issbl=0
M5DBG 0 cyc=126 st=01 iv=0001 pc0=12 ex0=55555555 gvv=1 cls=10 flt=0
M5DBG 0 GRANT gid=0 ctrl=0 vcmp=0 vec=1 sc=0 op=0 pdst=0 cond4=0 pw=ffffffff pc=12    258048 0
M5DBG   ex=55555555 lv=ffffffff issbl=1
M5DBG 0 cyc=127 st=01 iv=0000 pc0=12 ex0=55555555 gvv=0 cls=0 flt=1
M5DBG   ex=55555555 lv=ffffffff issbl=0
M5DBG 0 cyc=128 st=01 iv=0000 pc0=12 ex0=55555555 gvv=0 cls=0 flt=1
M5DBG   ex=55555555 lv=ffffffff issbl=0
M5DBG 0 cyc=129 st=01 iv=0000 pc0=12 ex0=55555555 gvv=0 cls=0 flt=1
M5DBG   ex=55555555 lv=ffffffff issbl=0
M5DBG 0 cyc=130 st=01 iv=0000 pc0=12 ex0=55555555 gvv=0 cls=0 flt=1
M5DBG   ex=55555555 lv=ffffffff issbl=0
M5DBG 0 cyc=131 st=01 iv=0000 pc0=12 ex0=55555555 gvv=0 cls=0 flt=1
M5DBG   ex=55555555 lv=ffffffff issbl=0
M5DBG 0 cyc=132 st=01 iv=0000 pc0=13 ex0=55555555 gvv=0 cls=0 flt=1
M5DBG   ex=55555555 lv=ffffffff issbl=0
M5DBG 0 cyc=133 st=01 iv=0000 pc0=13 ex0=55555555 gvv=0 cls=0 flt=1
M5DBG   ex=55555555 lv=ffffffff issbl=0
M5DBG 0 cyc=134 st=01 iv=0000 pc0=13 ex0=55555555 gvv=0 cls=0 flt=1
M5DBG   ex=55555555 lv=ffffffff issbl=0
M5DBG 0 cyc=135 st=01 iv=0001 pc0=13 ex0=55555555 gvv=1 cls=15 flt=0
M5DBG 0 GRANT gid=0 ctrl=0 vcmp=1 vec=0 sc=0 op=0 pdst=1 cond4=0 pw=00000000 pc=131342177280 0
M5DBG   ex=55555555 lv=ffffffff issbl=1
M5DBG 0 cyc=136 st=01 iv=0000 pc0=13 ex0=55555555 gvv=0 cls=0 flt=1
M5DBG   ex=55555555 lv=ffffffff issbl=0
M5DBG 0 cyc=137 st=01 iv=0000 pc0=13 ex0=55555555 gvv=0 cls=0 flt=1
M5DBG   ex=55555555 lv=ffffffff issbl=0
M5DBG 0 cyc=138 st=01 iv=0000 pc0=13 ex0=55555555 gvv=0 cls=0 flt=1
M5DBG   ex=55555555 lv=ffffffff issbl=0
M5DBG 0 cyc=139 st=01 iv=0000 pc0=13 ex0=55555555 gvv=0 cls=0 flt=1
M5DBG   ex=55555555 lv=ffffffff issbl=0
M5DBG 0 cyc=140 st=01 iv=0000 pc0=13 ex0=55555555 gvv=0 cls=0 flt=1
M5DBG   ex=55555555 lv=ffffffff issbl=0
M5DBG 0 cyc=141 st=01 iv=0000 pc0=14 ex0=55555555 gvv=0 cls=0 flt=1
M5DBG   ex=55555555 lv=ffffffff issbl=0
M5DBG 0 cyc=142 st=01 iv=0000 pc0=14 ex0=55555555 gvv=0 cls=0 flt=1
M5DBG   ex=55555555 lv=ffffffff issbl=0
M5DBG 0 cyc=143 st=01 iv=0000 pc0=14 ex0=55555555 gvv=0 cls=0 flt=1
M5DBG   ex=55555555 lv=ffffffff issbl=0
M5DBG 0 cyc=144 st=01 iv=0000 pc0=14 ex0=55555555 gvv=0 cls=0 flt=1
M5DBG   ex=55555555 lv=ffffffff issbl=0
M5DBG 0 cyc=145 st=01 iv=0001 pc0=14 ex0=55555555 gvv=1 cls=14 flt=0
M5DBG 0 GRANT gid=0 ctrl=1 vcmp=0 vec=0 sc=0 op=5 pdst=0 cond4=1 pw=00000000 pc=14   1048576 1
M5DBG   ex=55555555 lv=ffffffff issbl=1
M5ENGIN 0 op=5 sp=2 li=0 tft=01 ph=1 ma=00000000 pc=14
M5DBG 0 cyc=146 st=01 iv=0000 pc0=14 ex0=55555555 gvv=0 cls=0 flt=1
M5DBG   ex=55555555 lv=ffffffff issbl=0
M5DBG 0 cyc=147 st=01 iv=0000 pc0=14 ex0=55555555 gvv=0 cls=0 flt=1
M5DBG   ex=55555555 lv=ffffffff issbl=0
M5DBG 0 cyc=148 st=01 iv=0000 pc0=14 ex0=55555555 gvv=0 cls=0 flt=1
M5DBG   ex=55555555 lv=ffffffff issbl=0
M5ENGIN 0 RESULT done=1 fault=0 pop=0 pc=15 we=1 ex=55555555 st=0
M5DBG 0 cyc=149 st=01 iv=0000 pc0=14 ex0=55555555 gvv=0 cls=0 flt=1
M5DBG   ex=55555555 lv=ffffffff issbl=0
M5DBG 0 MCDONE d=1 f=0 code=00 own=0 oex=55555555 osp=2
M5DBG 0 cyc=150 st=01 iv=0000 pc0=15 ex0=55555555 gvv=0 cls=0 flt=1
M5DBG   ex=55555555 lv=ffffffff issbl=0
M5DBG 0 cyc=151 st=01 iv=0000 pc0=15 ex0=55555555 gvv=0 cls=0 flt=1
M5DBG   ex=55555555 lv=ffffffff issbl=0
M5DBG 0 cyc=152 st=01 iv=0000 pc0=15 ex0=55555555 gvv=0 cls=0 flt=1
M5DBG   ex=55555555 lv=ffffffff issbl=0
M5DBG 0 cyc=153 st=01 iv=0000 pc0=15 ex0=55555555 gvv=0 cls=0 flt=1
M5DBG   ex=55555555 lv=ffffffff issbl=0
M5DBG 0 cyc=154 st=01 iv=0001 pc0=15 ex0=55555555 gvv=1 cls=11 flt=0
M5DBG 0 GRANT gid=0 ctrl=0 vcmp=0 vec=1 sc=0 op=0 pdst=0 cond4=0 pw=ffffffff pc=15    126976 0
M5DBG   ex=55555555 lv=ffffffff issbl=1
M5DBG 0 cyc=155 st=01 iv=0000 pc0=15 ex0=55555555 gvv=0 cls=0 flt=1
M5DBG   ex=55555555 lv=ffffffff issbl=0
M5DBG 0 cyc=156 st=01 iv=0000 pc0=15 ex0=55555555 gvv=0 cls=0 flt=1
M5DBG   ex=55555555 lv=ffffffff issbl=0
M5DBG 0 cyc=157 st=01 iv=0000 pc0=15 ex0=55555555 gvv=0 cls=0 flt=1
M5DBG   ex=55555555 lv=ffffffff issbl=0
M5DBG 0 cyc=158 st=01 iv=0000 pc0=15 ex0=55555555 gvv=0 cls=0 flt=1
M5DBG   ex=55555555 lv=ffffffff issbl=0
M5DBG 0 cyc=159 st=01 iv=0000 pc0=15 ex0=55555555 gvv=0 cls=0 flt=1
M5DBG   ex=55555555 lv=ffffffff issbl=0
M5DBG 0 cyc=160 st=01 iv=0000 pc0=16 ex0=55555555 gvv=0 cls=0 flt=1
M5DBG   ex=55555555 lv=ffffffff issbl=0
M5DBG 0 cyc=161 st=01 iv=0000 pc0=16 ex0=55555555 gvv=0 cls=0 flt=1
M5DBG   ex=55555555 lv=ffffffff issbl=0
M5DBG 0 cyc=162 st=01 iv=0000 pc0=16 ex0=55555555 gvv=0 cls=0 flt=1
M5DBG   ex=55555555 lv=ffffffff issbl=0
M5DBG 0 cyc=163 st=01 iv=0001 pc0=16 ex0=55555555 gvv=1 cls=14 flt=0
M5DBG 0 GRANT gid=0 ctrl=1 vcmp=0 vec=0 sc=0 op=1 pdst=0 cond4=0 pw=aaaaaaaa pc=16         0 0
M5DBG   ex=55555555 lv=ffffffff issbl=1
M5ENGIN 0 op=1 sp=2 li=0 tft=01 ph=1 ma=00000000 pc=16
M5DBG 0 cyc=164 st=01 iv=0000 pc0=16 ex0=55555555 gvv=0 cls=0 flt=1
M5DBG   ex=55555555 lv=ffffffff issbl=0
M5ENGIN 0 RESULT done=1 fault=0 pop=1 pc=17 we=1 ex=ffffffff st=0
M5DBG 0 cyc=165 st=01 iv=0000 pc0=16 ex0=55555555 gvv=0 cls=0 flt=1
M5DBG   ex=55555555 lv=ffffffff issbl=0
M5DBG 0 MCDONE d=1 f=0 code=00 own=0 oex=ffffffff osp=1
M5DBG 0 cyc=166 st=01 iv=0000 pc0=17 ex0=ffffffff gvv=0 cls=0 flt=1
M5DBG   ex=ffffffff lv=ffffffff issbl=0
M5DBG 0 cyc=167 st=01 iv=0000 pc0=17 ex0=ffffffff gvv=0 cls=0 flt=1
M5DBG   ex=ffffffff lv=ffffffff issbl=0
M5DBG 0 cyc=168 st=01 iv=0000 pc0=17 ex0=ffffffff gvv=0 cls=0 flt=1
M5DBG   ex=ffffffff lv=ffffffff issbl=0
M5DBG 0 cyc=169 st=01 iv=0001 pc0=17 ex0=ffffffff gvv=1 cls=10 flt=0
M5DBG 0 GRANT gid=0 ctrl=0 vcmp=0 vec=1 sc=0 op=0 pdst=0 cond4=0 pw=ffffffff pc=17    258048 0
M5DBG   ex=ffffffff lv=ffffffff issbl=1
M5DBG 0 cyc=170 st=01 iv=0000 pc0=17 ex0=ffffffff gvv=0 cls=0 flt=1
M5DBG   ex=ffffffff lv=ffffffff issbl=0
M5DBG 0 cyc=171 st=01 iv=0000 pc0=17 ex0=ffffffff gvv=0 cls=0 flt=1
M5DBG   ex=ffffffff lv=ffffffff issbl=0
M5DBG 0 cyc=172 st=01 iv=0000 pc0=17 ex0=ffffffff gvv=0 cls=0 flt=1
M5DBG   ex=ffffffff lv=ffffffff issbl=0
M5DBG 0 cyc=173 st=01 iv=0000 pc0=17 ex0=ffffffff gvv=0 cls=0 flt=1
M5DBG   ex=ffffffff lv=ffffffff issbl=0
M5DBG 0 cyc=174 st=01 iv=0000 pc0=17 ex0=ffffffff gvv=0 cls=0 flt=1
M5DBG   ex=ffffffff lv=ffffffff issbl=0
M5DBG 0 cyc=175 st=01 iv=0000 pc0=18 ex0=ffffffff gvv=0 cls=0 flt=1
M5DBG   ex=ffffffff lv=ffffffff issbl=0
M5DBG 0 cyc=176 st=01 iv=0000 pc0=18 ex0=ffffffff gvv=0 cls=0 flt=1
M5DBG   ex=ffffffff lv=ffffffff issbl=0
M5DBG 0 cyc=177 st=01 iv=0000 pc0=18 ex0=ffffffff gvv=0 cls=0 flt=1
M5DBG   ex=ffffffff lv=ffffffff issbl=0
M5DBG 0 cyc=178 st=01 iv=0001 pc0=18 ex0=ffffffff gvv=1 cls=15 flt=0
M5DBG 0 GRANT gid=0 ctrl=0 vcmp=1 vec=0 sc=0 op=0 pdst=2 cond4=0 pw=00000000 pc=181342177280 0
M5DBG   ex=ffffffff lv=ffffffff issbl=1
M5DBG 0 cyc=179 st=01 iv=0000 pc0=18 ex0=ffffffff gvv=0 cls=0 flt=1
M5DBG   ex=ffffffff lv=ffffffff issbl=0
M5DBG 0 cyc=180 st=01 iv=0000 pc0=18 ex0=ffffffff gvv=0 cls=0 flt=1
M5DBG   ex=ffffffff lv=ffffffff issbl=0
M5DBG 0 cyc=181 st=01 iv=0000 pc0=18 ex0=ffffffff gvv=0 cls=0 flt=1
M5DBG   ex=ffffffff lv=ffffffff issbl=0
M5DBG 0 cyc=182 st=01 iv=0000 pc0=18 ex0=ffffffff gvv=0 cls=0 flt=1
M5DBG   ex=ffffffff lv=ffffffff issbl=0
M5DBG 0 cyc=183 st=01 iv=0000 pc0=18 ex0=ffffffff gvv=0 cls=0 flt=1
M5DBG   ex=ffffffff lv=ffffffff issbl=0
M5DBG 0 cyc=184 st=01 iv=0000 pc0=19 ex0=ffffffff gvv=0 cls=0 flt=1
M5DBG   ex=ffffffff lv=ffffffff issbl=0
M5DBG 0 cyc=185 st=01 iv=0000 pc0=19 ex0=ffffffff gvv=0 cls=0 flt=1
M5DBG   ex=ffffffff lv=ffffffff issbl=0
M5DBG 0 cyc=186 st=01 iv=0000 pc0=19 ex0=ffffffff gvv=0 cls=0 flt=1
M5DBG   ex=ffffffff lv=ffffffff issbl=0
M5DBG 0 cyc=187 st=01 iv=0000 pc0=19 ex0=ffffffff gvv=0 cls=0 flt=1
M5DBG   ex=ffffffff lv=ffffffff issbl=0
M5DBG 0 cyc=188 st=01 iv=0001 pc0=19 ex0=ffffffff gvv=1 cls=14 flt=0
M5DBG 0 GRANT gid=0 ctrl=1 vcmp=0 vec=0 sc=0 op=3 pdst=15 cond4=2 pw=ffffffff pc=194011851776 2
M5DBG   ex=ffffffff lv=ffffffff issbl=1
M5ENGIN 0 op=3 sp=1 li=0 tft=10 ph=0 ma=ffffffff pc=19
M5DBG 0 cyc=189 st=01 iv=0000 pc0=19 ex0=ffffffff gvv=0 cls=0 flt=1
M5DBG   ex=ffffffff lv=ffffffff issbl=0
M5ENGIN 0 RESULT done=1 fault=0 pop=0 pc=3 we=1 ex=ffffffff st=0
M5DBG 0 cyc=190 st=01 iv=0000 pc0=19 ex0=ffffffff gvv=0 cls=0 flt=1
M5DBG   ex=ffffffff lv=ffffffff issbl=0
M5DBG 0 MCDONE d=1 f=0 code=00 own=0 oex=ffffffff osp=1
M5DBG 0 cyc=191 st=01 iv=0000 pc0=3 ex0=ffffffff gvv=0 cls=0 flt=1
M5DBG   ex=ffffffff lv=ffffffff issbl=0
M5DBG 0 cyc=192 st=01 iv=0000 pc0=3 ex0=ffffffff gvv=0 cls=0 flt=1
M5DBG   ex=ffffffff lv=ffffffff issbl=0
M5DBG 0 cyc=193 st=01 iv=0000 pc0=3 ex0=ffffffff gvv=0 cls=0 flt=1
M5DBG   ex=ffffffff lv=ffffffff issbl=0
M5DBG 0 cyc=194 st=01 iv=0001 pc0=3 ex0=ffffffff gvv=1 cls=10 flt=0
M5DBG 0 GRANT gid=0 ctrl=0 vcmp=0 vec=1 sc=0 op=0 pdst=0 cond4=0 pw=ffffffff pc=3    126976 0
M5DBG   ex=ffffffff lv=ffffffff issbl=1
M5DBG 0 cyc=195 st=01 iv=0000 pc0=3 ex0=ffffffff gvv=0 cls=0 flt=1
M5DBG   ex=ffffffff lv=ffffffff issbl=0
M5DBG 0 cyc=196 st=01 iv=0000 pc0=3 ex0=ffffffff gvv=0 cls=0 flt=1
M5DBG   ex=ffffffff lv=ffffffff issbl=0
M5DBG 0 cyc=197 st=01 iv=0000 pc0=3 ex0=ffffffff gvv=0 cls=0 flt=1
M5DBG   ex=ffffffff lv=ffffffff issbl=0
M5DBG 0 cyc=198 st=01 iv=0000 pc0=3 ex0=ffffffff gvv=0 cls=0 flt=1
M5DBG   ex=ffffffff lv=ffffffff issbl=0
M5DBG 0 cyc=199 st=01 iv=0000 pc0=3 ex0=ffffffff gvv=0 cls=0 flt=1
M5DBG   ex=ffffffff lv=ffffffff issbl=0
M5DEC 0 insn=7c15000005000009 cond4=0
M5DEC 0 insn=7c15000005000009 cond4=0
M5ENGIN 0 op=0 sp=1 li=0 tft=10 ph=0 ma=ffffffff pc=6
M5DEC 0 insn=7c15000005000009 cond4=0
M5ENGIN 0 RESULT done=1 fault=0 pop=0 pc=7 we=1 ex=aaaaaaaa st=0
M5DEC 0 insn=7c15000005000009 cond4=0
M5DEC 0 insn=7c15000005000009 cond4=0
M5DEC 0 insn=7c15000005000009 cond4=0
M5DEC 0 insn=7c15000005000009 cond4=0
M5ENGIN 0 op=4 sp=2 li=0 tft=01 ph=0 ma=55555555 pc=9
M5ENGIN RESUME fr.pc_a=12 pc_b=16 sp=2
M5ENGIN 0 RESULT done=1 fault=0 pop=0 pc=12 we=1 ex=55555555 st=0
M5ENGIN 0 op=5 sp=2 li=0 tft=01 ph=1 ma=00000000 pc=14
M5ENGIN 0 RESULT done=1 fault=0 pop=0 pc=15 we=1 ex=55555555 st=0
M5ENGIN 0 op=1 sp=2 li=0 tft=01 ph=1 ma=00000000 pc=16
M5ENGIN 0 RESULT done=1 fault=0 pop=1 pc=17 we=1 ex=55555555 st=0
M5ENGIN 0 op=3 sp=1 li=0 tft=10 ph=0 ma=55555555 pc=19
M5ENGIN 0 RESULT done=1 fault=0 pop=0 pc=3 we=1 ex=55555555 st=0
M5DEC 0 insn=7c15000005000009 cond4=0
M5DEC 0 insn=7c15000005000009 cond4=0
M5ENGIN 0 op=0 sp=1 li=0 tft=10 ph=0 ma=55555555 pc=6
M5DEC 0 insn=7c15000005000009 cond4=0
M5ENGIN 0 RESULT done=1 fault=0 pop=0 pc=12 we=1 ex=55555555 st=0
M5DEC 0 insn=7c15000005000009 cond4=0
M5DEC 0 insn=7c15000005000009 cond4=0
M5DEC 0 insn=7c15000005000009 cond4=0
M5ENGIN 0 op=5 sp=2 li=0 tft=01 ph=1 ma=55555555 pc=14
M5ENGIN 0 RESULT done=1 fault=0 pop=0 pc=15 we=1 ex=55555555 st=0
M5ENGIN 0 op=1 sp=2 li=0 tft=01 ph=1 ma=55555555 pc=16
M5ENGIN 0 RESULT done=1 fault=0 pop=1 pc=17 we=1 ex=55555555 st=0
M5ENGIN 0 op=3 sp=1 li=0 tft=10 ph=0 ma=55555555 pc=19
M5ENGIN 0 RESULT done=1 fault=0 pop=1 pc=20 we=1 ex=ffffffff st=0
M5ENGIN 0 op=12 sp=0 li=32 tft=00 ph=0 ma=00000000 pc=20
M5ENGIN 0 RESULT done=1 fault=0 pop=0 pc=0 we=0 ex=ffffffff st=0
MISMATCH events line 20
  A: a 10010a0a0001f000 0 00 00000000 55555555
  B: c 341105000003f000 0 00 00000000 55555555
MISMATCH events line 21
  A: b 0205000004000000 0 00 00000000 55555555
  B: d 300910a050000000 0 00 00000000 55555555
MISMATCH events line 22
  A: 11 341105000003f000 0 00 00000000 55555555
  B: f 10010a0a0001f000 0 00 00000000 55555555
MISMATCH mask-events line 3
  A: w=0 k=BREAK pc=9 ft=2 pu=0 po=0 f=00
  B: w=0 k=BREAK pc=9 ft=1 pu=0 po=0 f=00
MISMATCH mask-events line 5
  A: w=0 k=CONTINUE pc=e ft=2 pu=0 po=0 f=00
  B: w=0 k=CONTINUE pc=e ft=1 pu=0 po=0 f=00
MISMATCH mask-events line 9
  A: w=0 k=UNWIND_RESUME pc=c ft=1 pu=0 po=0 f=00
  B: w=0 k=BREAK pc=9 ft=1 pu=0 po=0 f=00
DONE mismatch:
 G:DONE retired=47 fault=0 code=00 pc=14 live=00000000
 R:DONE retired=49 fault=0 code=00 pc=14 live=00000000
[diff /tmp/opencode/m5dir_bs2se752/break_if_scrub_l8] FAIL (25 mismatches)

l8 FAIL
M5DBG 0 LAUNCH sl=0 entry=0 cw=21 ex=ffffffff
M5DBG 0 cyc=17 st=01 iv=0000 pc0=0 ex0=ffffffff gvv=0 cls=0 flt=1
M5DBG   ex=ffffffff lv=ffffffff issbl=0
M5DBG 0 cyc=18 st=01 iv=0000 pc0=0 ex0=ffffffff gvv=0 cls=0 flt=1
M5DBG   ex=ffffffff lv=ffffffff issbl=0
M5DBG 0 cyc=19 st=01 iv=0000 pc0=0 ex0=ffffffff gvv=0 cls=0 flt=1
M5DBG   ex=ffffffff lv=ffffffff issbl=0
M5DBG 0 cyc=20 st=01 iv=0000 pc0=0 ex0=ffffffff gvv=0 cls=0 flt=1
M5DBG   ex=ffffffff lv=ffffffff issbl=0
M5DBG 0 cyc=21 st=01 iv=0001 pc0=0 ex0=ffffffff gvv=1 cls=13 flt=0
M5DBG 0 GRANT gid=0 ctrl=0 vcmp=0 vec=1 sc=0 op=0 pdst=0 cond4=0 pw=ffffffff pc=0     61440 0
M5DBG   ex=ffffffff lv=ffffffff issbl=1
M5DBG 0 cyc=22 st=01 iv=0000 pc0=0 ex0=ffffffff gvv=0 cls=0 flt=1
M5DBG   ex=ffffffff lv=ffffffff issbl=0
M5DBG 0 cyc=23 st=01 iv=0000 pc0=0 ex0=ffffffff gvv=0 cls=0 flt=1
M5DBG   ex=ffffffff lv=ffffffff issbl=0
M5DBG 0 cyc=24 st=01 iv=0000 pc0=0 ex0=ffffffff gvv=0 cls=0 flt=1
M5DBG   ex=ffffffff lv=ffffffff issbl=0
M5DBG 0 cyc=25 st=01 iv=0000 pc0=0 ex0=ffffffff gvv=0 cls=0 flt=1
M5DBG   ex=ffffffff lv=ffffffff issbl=0
M5DBG 0 cyc=26 st=01 iv=0000 pc0=0 ex0=ffffffff gvv=0 cls=0 flt=1
M5DBG   ex=ffffffff lv=ffffffff issbl=0
M5DBG 0 cyc=27 st=01 iv=0000 pc0=1 ex0=ffffffff gvv=0 cls=0 flt=1
M5DBG   ex=ffffffff lv=ffffffff issbl=0
M5DBG 0 cyc=28 st=01 iv=0000 pc0=1 ex0=ffffffff gvv=0 cls=0 flt=1
M5DBG   ex=ffffffff lv=ffffffff issbl=0
M5DBG 0 cyc=29 st=01 iv=0000 pc0=1 ex0=ffffffff gvv=0 cls=0 flt=1
M5DBG   ex=ffffffff lv=ffffffff issbl=0
M5DBG 0 cyc=30 st=01 iv=0000 pc0=1 ex0=ffffffff gvv=0 cls=0 flt=1
M5DBG   ex=ffffffff lv=ffffffff issbl=0
M5DBG 0 cyc=31 st=01 iv=0001 pc0=1 ex0=ffffffff gvv=1 cls=10 flt=0
M5DBG 0 GRANT gid=0 ctrl=0 vcmp=0 vec=1 sc=0 op=0 pdst=0 cond4=0 pw=ffffffff pc=1     61440 0
M5DBG   ex=ffffffff lv=ffffffff issbl=1
M5DBG 0 cyc=32 st=01 iv=0000 pc0=1 ex0=ffffffff gvv=0 cls=0 flt=1
M5DBG   ex=ffffffff lv=ffffffff issbl=0
M5DBG 0 cyc=33 st=01 iv=0000 pc0=1 ex0=ffffffff gvv=0 cls=0 flt=1
M5DBG   ex=ffffffff lv=ffffffff issbl=0
M5DBG 0 cyc=34 st=01 iv=0000 pc0=1 ex0=ffffffff gvv=0 cls=0 flt=1
M5DBG   ex=ffffffff lv=ffffffff issbl=0
M5DBG 0 cyc=35 st=01 iv=0000 pc0=1 ex0=ffffffff gvv=0 cls=0 flt=1
M5DBG   ex=ffffffff lv=ffffffff issbl=0
M5DBG 0 cyc=36 st=01 iv=0000 pc0=1 ex0=ffffffff gvv=0 cls=0 flt=1
M5DBG   ex=ffffffff lv=ffffffff issbl=0
M5DBG 0 cyc=37 st=01 iv=0000 pc0=2 ex0=ffffffff gvv=0 cls=0 flt=1
M5DBG   ex=ffffffff lv=ffffffff issbl=0
M5DBG 0 cyc=38 st=01 iv=0000 pc0=2 ex0=ffffffff gvv=0 cls=0 flt=1
M5DBG   ex=ffffffff lv=ffffffff issbl=0
M5DBG 0 cyc=39 st=01 iv=0000 pc0=2 ex0=ffffffff gvv=0 cls=0 flt=1
M5DBG   ex=ffffffff lv=ffffffff issbl=0
M5DBG 0 cyc=40 st=01 iv=0001 pc0=2 ex0=ffffffff gvv=1 cls=14 flt=0
M5DBG 0 CTRLGRANT disp=000010 bmod=0000 insn=7c85000010000000 ibuf=7c85000010000000
M5DBG 0 GRANT gid=0 ctrl=1 vcmp=0 vec=0 sc=0 op=2 pdst=0 cond4=0 pw=00000000 pc=2 268435456 0
M5DBG   ex=ffffffff lv=ffffffff issbl=1
M5ENGIN 0 op=2 sp=0 li=32 tft=00 ph=0 ma=00000000 pc=2
M5DBG 0 cyc=41 st=01 iv=0000 pc0=2 ex0=ffffffff gvv=0 cls=0 flt=1
M5DBG   ex=ffffffff lv=ffffffff issbl=0
M5ENGIN 0 RESULT done=1 fault=0 pop=0 pc=3 we=1 ex=ffffffff st=0
M5DBG 0 cyc=42 st=01 iv=0000 pc0=2 ex0=ffffffff gvv=0 cls=0 flt=1
M5DBG   ex=ffffffff lv=ffffffff issbl=0
M5DBG 0 MCDONE d=1 f=0 code=00 own=0 oex=ffffffff osp=1
M5DBG 0 cyc=43 st=01 iv=0000 pc0=3 ex0=ffffffff gvv=0 cls=0 flt=1
M5DBG   ex=ffffffff lv=ffffffff issbl=0
M5DBG 0 cyc=44 st=01 iv=0000 pc0=3 ex0=ffffffff gvv=0 cls=0 flt=1
M5DBG   ex=ffffffff lv=ffffffff issbl=0
M5DBG 0 cyc=45 st=01 iv=0000 pc0=3 ex0=ffffffff gvv=0 cls=0 flt=1
M5DBG   ex=ffffffff lv=ffffffff issbl=0
M5DBG 0 cyc=46 st=01 iv=0001 pc0=3 ex0=ffffffff gvv=1 cls=10 flt=0
M5DBG 0 GRANT gid=0 ctrl=0 vcmp=0 vec=1 sc=0 op=0 pdst=0 cond4=0 pw=ffffffff pc=3    126976 0
M5DBG   ex=ffffffff lv=ffffffff issbl=1
M5DBG 0 cyc=47 st=01 iv=0000 pc0=3 ex0=ffffffff gvv=0 cls=0 flt=1
M5DBG   ex=ffffffff lv=ffffffff issbl=0
M5DBG 0 cyc=48 st=01 iv=0000 pc0=3 ex0=ffffffff gvv=0 cls=0 flt=1
M5DBG   ex=ffffffff lv=ffffffff issbl=0
M5DBG 0 cyc=49 st=01 iv=0000 pc0=3 ex0=ffffffff gvv=0 cls=0 flt=1
M5DBG   ex=ffffffff lv=ffffffff issbl=0
M5DBG 0 cyc=50 st=01 iv=0000 pc0=3 ex0=ffffffff gvv=0 cls=0 flt=1
M5DBG   ex=ffffffff lv=ffffffff issbl=0
M5DBG 0 cyc=51 st=01 iv=0000 pc0=3 ex0=ffffffff gvv=0 cls=0 flt=1
M5DBG   ex=ffffffff lv=ffffffff issbl=0
M5DBG 0 cyc=52 st=01 iv=0000 pc0=4 ex0=ffffffff gvv=0 cls=0 flt=1
M5DBG   ex=ffffffff lv=ffffffff issbl=0
M5DBG 0 cyc=53 st=01 iv=0000 pc0=4 ex0=ffffffff gvv=0 cls=0 flt=1
M5DBG   ex=ffffffff lv=ffffffff issbl=0
M5DBG 0 cyc=54 st=01 iv=0000 pc0=4 ex0=ffffffff gvv=0 cls=0 flt=1
M5DBG   ex=ffffffff lv=ffffffff issbl=0
M5DBG 0 cyc=55 st=01 iv=0000 pc0=4 ex0=ffffffff gvv=0 cls=0 flt=1
M5DBG   ex=ffffffff lv=ffffffff issbl=0
M5DBG 0 cyc=56 st=01 iv=0001 pc0=4 ex0=ffffffff gvv=1 cls=11 flt=0
M5DBG 0 GRANT gid=0 ctrl=0 vcmp=0 vec=1 sc=0 op=0 pdst=0 cond4=0 pw=ffffffff pc=4  67170304 0
M5DBG   ex=ffffffff lv=ffffffff issbl=1
M5DBG 0 cyc=57 st=01 iv=0000 pc0=4 ex0=ffffffff gvv=0 cls=0 flt=1
M5DBG   ex=ffffffff lv=ffffffff issbl=0
M5DBG 0 cyc=58 st=01 iv=0000 pc0=4 ex0=ffffffff gvv=0 cls=0 flt=1
M5DBG   ex=ffffffff lv=ffffffff issbl=0
M5DBG 0 cyc=59 st=01 iv=0000 pc0=4 ex0=ffffffff gvv=0 cls=0 flt=1
M5DBG   ex=ffffffff lv=ffffffff issbl=0
M5DBG 0 cyc=60 st=01 iv=0000 pc0=4 ex0=ffffffff gvv=0 cls=0 flt=1
M5DBG   ex=ffffffff lv=ffffffff issbl=0
M5DBG 0 cyc=61 st=01 iv=0000 pc0=4 ex0=ffffffff gvv=0 cls=0 flt=1
M5DBG   ex=ffffffff lv=ffffffff issbl=0
M5DBG 0 cyc=62 st=01 iv=0000 pc0=5 ex0=ffffffff gvv=0 cls=0 flt=1
M5DBG   ex=ffffffff lv=ffffffff issbl=0
M5DBG 0 cyc=63 st=01 iv=0000 pc0=5 ex0=ffffffff gvv=0 cls=0 flt=1
M5DBG   ex=ffffffff lv=ffffffff issbl=0
M5DBG 0 cyc=64 st=01 iv=0000 pc0=5 ex0=ffffffff gvv=0 cls=0 flt=1
M5DBG   ex=ffffffff lv=ffffffff issbl=0
M5DBG 0 cyc=65 st=01 iv=0001 pc0=5 ex0=ffffffff gvv=1 cls=15 flt=0
M5DBG 0 GRANT gid=0 ctrl=0 vcmp=1 vec=0 sc=0 op=0 pdst=0 cond4=0 pw=00000000 pc=51073741824 0
M5DBG   ex=ffffffff lv=ffffffff issbl=1
M5DBG 0 cyc=66 st=01 iv=0000 pc0=5 ex0=ffffffff gvv=0 cls=0 flt=1
M5DBG   ex=ffffffff lv=ffffffff issbl=0
M5DBG 0 cyc=67 st=01 iv=0000 pc0=5 ex0=ffffffff gvv=0 cls=0 flt=1
M5DBG   ex=ffffffff lv=ffffffff issbl=0
M5DBG 0 cyc=68 st=01 iv=0000 pc0=5 ex0=ffffffff gvv=0 cls=0 flt=1
M5DBG   ex=ffffffff lv=ffffffff issbl=0
M5DBG 0 cyc=69 st=01 iv=0000 pc0=5 ex0=ffffffff gvv=0 cls=0 flt=1
M5DBG   ex=ffffffff lv=ffffffff issbl=0
M5DBG 0 cyc=70 st=01 iv=0000 pc0=5 ex0=ffffffff gvv=0 cls=0 flt=1
M5DBG   ex=ffffffff lv=ffffffff issbl=0
M5DBG 0 cyc=71 st=01 iv=0000 pc0=6 ex0=ffffffff gvv=0 cls=0 flt=1
M5DBG   ex=ffffffff lv=ffffffff issbl=0
M5DBG 0 cyc=72 st=01 iv=0000 pc0=6 ex0=ffffffff gvv=0 cls=0 flt=1
M5DBG   ex=ffffffff lv=ffffffff issbl=0
M5DBG 0 cyc=73 st=01 iv=0000 pc0=6 ex0=ffffffff gvv=0 cls=0 flt=1
M5DBG   ex=ffffffff lv=ffffffff issbl=0
M5DEC 0 insn=7c15000005000009 cond4=0
M5DBG 0 cyc=74 st=01 iv=0001 pc0=6 ex0=ffffffff gvv=1 cls=14 flt=0
M5DBG 0 CTRLGRANT disp=000005 bmod=0009 insn=7c15000005000009 ibuf=7c15000005000009
M5DBG 0 GRANT gid=0 ctrl=1 vcmp=0 vec=0 sc=0 op=0 pdst=0 cond4=0 pw=aaaaaaaa pc=6  83886089 0
M5DBG   ex=ffffffff lv=ffffffff issbl=1
M5DEC 0 insn=7c15000005000009 cond4=0
M5ENGIN CBR dsp=5 bmod=0009 tgtE=12 tgtR=16
M5ENGIN 0 op=0 sp=1 li=0 tft=10 ph=0 ma=ffffffff pc=6
M5DBG 0 cyc=75 st=01 iv=0000 pc0=6 ex0=ffffffff gvv=0 cls=0 flt=1
M5DBG   ex=ffffffff lv=ffffffff issbl=0
M5DEC 0 insn=7c15000005000009 cond4=0
M5ENGIN 0 RESULT done=1 fault=0 pop=0 pc=7 we=1 ex=aaaaaaaa st=0
M5DBG 0 cyc=76 st=01 iv=0000 pc0=6 ex0=ffffffff gvv=0 cls=0 flt=1
M5DBG   ex=ffffffff lv=ffffffff issbl=0
M5DBG 0 MCDONE d=1 f=0 code=00 own=0 oex=aaaaaaaa osp=2
M5DEC 0 insn=7c15000005000009 cond4=0
M5DBG 0 cyc=77 st=01 iv=0000 pc0=7 ex0=aaaaaaaa gvv=0 cls=0 flt=1
M5DBG   ex=aaaaaaaa lv=ffffffff issbl=0
M5DEC 0 insn=7c15000005000009 cond4=0
M5DBG 0 cyc=78 st=01 iv=0000 pc0=7 ex0=aaaaaaaa gvv=0 cls=0 flt=1
M5DBG   ex=aaaaaaaa lv=ffffffff issbl=0
M5DEC 0 insn=7c15000005000009 cond4=0
M5DBG 0 cyc=79 st=01 iv=0000 pc0=7 ex0=aaaaaaaa gvv=0 cls=0 flt=1
M5DBG   ex=aaaaaaaa lv=ffffffff issbl=0
M5DBG 0 cyc=80 st=01 iv=0001 pc0=7 ex0=aaaaaaaa gvv=1 cls=10 flt=0
M5DBG 0 GRANT gid=0 ctrl=0 vcmp=0 vec=1 sc=0 op=0 pdst=0 cond4=0 pw=ffffffff pc=7    126976 0
M5DBG   ex=aaaaaaaa lv=ffffffff issbl=1
M5DBG 0 cyc=81 st=01 iv=0000 pc0=7 ex0=aaaaaaaa gvv=0 cls=0 flt=1
M5DBG   ex=aaaaaaaa lv=ffffffff issbl=0
M5DBG 0 cyc=82 st=01 iv=0000 pc0=7 ex0=aaaaaaaa gvv=0 cls=0 flt=1
M5DBG   ex=aaaaaaaa lv=ffffffff issbl=0
M5DBG 0 cyc=83 st=01 iv=0000 pc0=7 ex0=aaaaaaaa gvv=0 cls=0 flt=1
M5DBG   ex=aaaaaaaa lv=ffffffff issbl=0
M5DBG 0 cyc=84 st=01 iv=0000 pc0=7 ex0=aaaaaaaa gvv=0 cls=0 flt=1
M5DBG   ex=aaaaaaaa lv=ffffffff issbl=0
M5DBG 0 cyc=85 st=01 iv=0000 pc0=7 ex0=aaaaaaaa gvv=0 cls=0 flt=1
M5DBG   ex=aaaaaaaa lv=ffffffff issbl=0
M5DBG 0 cyc=86 st=01 iv=0000 pc0=8 ex0=aaaaaaaa gvv=0 cls=0 flt=1
M5DBG   ex=aaaaaaaa lv=ffffffff issbl=0
M5DBG 0 cyc=87 st=01 iv=0000 pc0=8 ex0=aaaaaaaa gvv=0 cls=0 flt=1
M5DBG   ex=aaaaaaaa lv=ffffffff issbl=0
M5DBG 0 cyc=88 st=01 iv=0000 pc0=8 ex0=aaaaaaaa gvv=0 cls=0 flt=1
M5DBG   ex=aaaaaaaa lv=ffffffff issbl=0
M5DBG 0 cyc=89 st=01 iv=0001 pc0=8 ex0=aaaaaaaa gvv=1 cls=15 flt=0
M5DBG 0 GRANT gid=0 ctrl=0 vcmp=1 vec=0 sc=0 op=0 pdst=1 cond4=0 pw=00000000 pc=81342177280 0
M5DBG   ex=aaaaaaaa lv=ffffffff issbl=1
M5DBG 0 cyc=90 st=01 iv=0000 pc0=8 ex0=aaaaaaaa gvv=0 cls=0 flt=1
M5DBG   ex=aaaaaaaa lv=ffffffff issbl=0
M5DBG 0 cyc=91 st=01 iv=0000 pc0=8 ex0=aaaaaaaa gvv=0 cls=0 flt=1
M5DBG   ex=aaaaaaaa lv=ffffffff issbl=0
M5DBG 0 cyc=92 st=01 iv=0000 pc0=8 ex0=aaaaaaaa gvv=0 cls=0 flt=1
M5DBG   ex=aaaaaaaa lv=ffffffff issbl=0
M5DBG 0 cyc=93 st=01 iv=0000 pc0=8 ex0=aaaaaaaa gvv=0 cls=0 flt=1
M5DBG   ex=aaaaaaaa lv=ffffffff issbl=0
M5DBG 0 cyc=94 st=01 iv=0000 pc0=8 ex0=aaaaaaaa gvv=0 cls=0 flt=1
M5DBG   ex=aaaaaaaa lv=ffffffff issbl=0
M5DBG 0 cyc=95 st=01 iv=0000 pc0=9 ex0=aaaaaaaa gvv=0 cls=0 flt=1
M5DBG   ex=aaaaaaaa lv=ffffffff issbl=0
M5DBG 0 cyc=96 st=01 iv=0000 pc0=9 ex0=aaaaaaaa gvv=0 cls=0 flt=1
M5DBG   ex=aaaaaaaa lv=ffffffff issbl=0
M5DBG 0 cyc=97 st=01 iv=0000 pc0=9 ex0=aaaaaaaa gvv=0 cls=0 flt=1
M5DBG   ex=aaaaaaaa lv=ffffffff issbl=0
M5DBG 0 cyc=98 st=01 iv=0001 pc0=9 ex0=aaaaaaaa gvv=1 cls=14 flt=0
M5DBG 0 CTRLGRANT disp=000000 bmod=0000 insn=7ca5000000100000 ibuf=7ca5000000100000
M5DBG 0 GRANT gid=0 ctrl=1 vcmp=0 vec=0 sc=0 op=4 pdst=0 cond4=1 pw=00000000 pc=9   1048576 1
M5DBG   ex=aaaaaaaa lv=ffffffff issbl=1
M5ENGIN 0 op=4 sp=2 li=0 tft=01 ph=0 ma=55555555 pc=9
M5DBG 0 cyc=99 st=01 iv=0000 pc0=9 ex0=aaaaaaaa gvv=0 cls=0 flt=1
M5DBG   ex=aaaaaaaa lv=ffffffff issbl=0
M5DBG 0 cyc=100 st=01 iv=0000 pc0=9 ex0=aaaaaaaa gvv=0 cls=0 flt=1
M5DBG   ex=aaaaaaaa lv=ffffffff issbl=0
M5DBG 0 cyc=101 st=01 iv=0000 pc0=9 ex0=aaaaaaaa gvv=0 cls=0 flt=1
M5DBG   ex=aaaaaaaa lv=ffffffff issbl=0
M5ENGIN 0 RESULT done=1 fault=0 pop=0 pc=10 we=1 ex=aaaaaaaa st=0
M5DBG 0 cyc=102 st=01 iv=0000 pc0=9 ex0=aaaaaaaa gvv=0 cls=0 flt=1
M5DBG   ex=aaaaaaaa lv=ffffffff issbl=0
M5DBG 0 MCDONE d=1 f=0 code=00 own=0 oex=aaaaaaaa osp=2
M5DBG 0 cyc=103 st=01 iv=0000 pc0=10 ex0=aaaaaaaa gvv=0 cls=0 flt=1
M5DBG   ex=aaaaaaaa lv=ffffffff issbl=0
M5DBG 0 cyc=104 st=01 iv=0000 pc0=10 ex0=aaaaaaaa gvv=0 cls=0 flt=1
M5DBG   ex=aaaaaaaa lv=ffffffff issbl=0
M5DBG 0 cyc=105 st=01 iv=0000 pc0=10 ex0=aaaaaaaa gvv=0 cls=0 flt=1
M5DBG   ex=aaaaaaaa lv=ffffffff issbl=0
M5DBG 0 cyc=106 st=01 iv=0001 pc0=10 ex0=aaaaaaaa gvv=1 cls=11 flt=0
M5DBG 0 GRANT gid=0 ctrl=0 vcmp=0 vec=1 sc=0 op=0 pdst=0 cond4=0 pw=ffffffff pc=10    126976 0
M5DBG   ex=aaaaaaaa lv=ffffffff issbl=1
M5DBG 0 cyc=107 st=01 iv=0000 pc0=10 ex0=aaaaaaaa gvv=0 cls=0 flt=1
M5DBG   ex=aaaaaaaa lv=ffffffff issbl=0
M5DBG 0 cyc=108 st=01 iv=0000 pc0=10 ex0=aaaaaaaa gvv=0 cls=0 flt=1
M5DBG   ex=aaaaaaaa lv=ffffffff issbl=0
M5DBG 0 cyc=109 st=01 iv=0000 pc0=10 ex0=aaaaaaaa gvv=0 cls=0 flt=1
M5DBG   ex=aaaaaaaa lv=ffffffff issbl=0
M5DBG 0 cyc=110 st=01 iv=0000 pc0=10 ex0=aaaaaaaa gvv=0 cls=0 flt=1
M5DBG   ex=aaaaaaaa lv=ffffffff issbl=0
M5DBG 0 cyc=111 st=01 iv=0000 pc0=10 ex0=aaaaaaaa gvv=0 cls=0 flt=1
M5DBG   ex=aaaaaaaa lv=ffffffff issbl=0
M5DBG 0 cyc=112 st=01 iv=0000 pc0=11 ex0=aaaaaaaa gvv=0 cls=0 flt=1
M5DBG   ex=aaaaaaaa lv=ffffffff issbl=0
M5DBG 0 cyc=113 st=01 iv=0000 pc0=11 ex0=aaaaaaaa gvv=0 cls=0 flt=1
M5DBG   ex=aaaaaaaa lv=ffffffff issbl=0
M5DBG 0 cyc=114 st=01 iv=0000 pc0=11 ex0=aaaaaaaa gvv=0 cls=0 flt=1
M5DBG   ex=aaaaaaaa lv=ffffffff issbl=0
M5DBG 0 cyc=115 st=01 iv=0000 pc0=11 ex0=aaaaaaaa gvv=0 cls=0 flt=1
M5DBG   ex=aaaaaaaa lv=ffffffff issbl=0
M5DBG 0 cyc=116 st=01 iv=0001 pc0=11 ex0=aaaaaaaa gvv=1 cls=5 flt=0
M5DBG 0 GRANT gid=0 ctrl=0 vcmp=0 vec=0 sc=1 op=0 pdst=0 cond4=0 pw=ffffffff pc=11  67108864 0
M5DBG   ex=aaaaaaaa lv=ffffffff issbl=1
M5DBG 0 cyc=117 st=01 iv=0000 pc0=16 ex0=aaaaaaaa gvv=0 cls=0 flt=1
M5DBG   ex=aaaaaaaa lv=ffffffff issbl=0
M5DBG 0 cyc=118 st=01 iv=0000 pc0=16 ex0=aaaaaaaa gvv=0 cls=0 flt=1
M5DBG   ex=aaaaaaaa lv=ffffffff issbl=0
M5DBG 0 cyc=119 st=01 iv=0000 pc0=16 ex0=aaaaaaaa gvv=0 cls=0 flt=1
M5DBG   ex=aaaaaaaa lv=ffffffff issbl=0
M5DBG 0 cyc=120 st=01 iv=0001 pc0=16 ex0=aaaaaaaa gvv=1 cls=14 flt=0
M5DBG 0 CTRLGRANT disp=000000 bmod=0000 insn=7c25000000000000 ibuf=7c25000000000000
M5DBG 0 GRANT gid=0 ctrl=1 vcmp=0 vec=0 sc=0 op=1 pdst=0 cond4=0 pw=aaaaaaaa pc=16         0 0
M5DBG   ex=aaaaaaaa lv=ffffffff issbl=1
M5ENGIN 0 op=1 sp=2 li=0 tft=01 ph=0 ma=55555555 pc=16
M5DBG 0 cyc=121 st=01 iv=0000 pc0=16 ex0=aaaaaaaa gvv=0 cls=0 flt=1
M5DBG   ex=aaaaaaaa lv=ffffffff issbl=0
M5ENGIN 0 RESULT done=1 fault=0 pop=0 pc=12 we=1 ex=55555555 st=0
M5DBG 0 cyc=122 st=01 iv=0000 pc0=16 ex0=aaaaaaaa gvv=0 cls=0 flt=1
M5DBG   ex=aaaaaaaa lv=ffffffff issbl=0
M5DBG 0 MCDONE d=1 f=0 code=00 own=0 oex=55555555 osp=2
M5DBG 0 cyc=123 st=01 iv=0000 pc0=12 ex0=55555555 gvv=0 cls=0 flt=1
M5DBG   ex=55555555 lv=ffffffff issbl=0
M5DBG 0 cyc=124 st=01 iv=0000 pc0=12 ex0=55555555 gvv=0 cls=0 flt=1
M5DBG   ex=55555555 lv=ffffffff issbl=0
M5DBG 0 cyc=125 st=01 iv=0000 pc0=12 ex0=55555555 gvv=0 cls=0 flt=1
M5DBG   ex=55555555 lv=ffffffff issbl=0
M5DBG 0 cyc=126 st=01 iv=0001 pc0=12 ex0=55555555 gvv=1 cls=10 flt=0
M5DBG 0 GRANT gid=0 ctrl=0 vcmp=0 vec=1 sc=0 op=0 pdst=0 cond4=0 pw=ffffffff pc=12    258048 0
M5DBG   ex=55555555 lv=ffffffff issbl=1
M5DBG 0 cyc=127 st=01 iv=0000 pc0=12 ex0=55555555 gvv=0 cls=0 flt=1
M5DBG   ex=55555555 lv=ffffffff issbl=0
M5DBG 0 cyc=128 st=01 iv=0000 pc0=12 ex0=55555555 gvv=0 cls=0 flt=1
M5DBG   ex=55555555 lv=ffffffff issbl=0
M5DBG 0 cyc=129 st=01 iv=0000 pc0=12 ex0=55555555 gvv=0 cls=0 flt=1
M5DBG   ex=55555555 lv=ffffffff issbl=0
M5DBG 0 cyc=130 st=01 iv=0000 pc0=12 ex0=55555555 gvv=0 cls=0 flt=1
M5DBG   ex=55555555 lv=ffffffff issbl=0
M5DBG 0 cyc=131 st=01 iv=0000 pc0=12 ex0=55555555 gvv=0 cls=0 flt=1
M5DBG   ex=55555555 lv=ffffffff issbl=0
M5DBG 0 cyc=132 st=01 iv=0000 pc0=13 ex0=55555555 gvv=0 cls=0 flt=1
M5DBG   ex=55555555 lv=ffffffff issbl=0
M5DBG 0 cyc=133 st=01 iv=0000 pc0=13 ex0=55555555 gvv=0 cls=0 flt=1
M5DBG   ex=55555555 lv=ffffffff issbl=0
M5DBG 0 cyc=134 st=01 iv=0000 pc0=13 ex0=55555555 gvv=0 cls=0 flt=1
M5DBG   ex=55555555 lv=ffffffff issbl=0
M5DBG 0 cyc=135 st=01 iv=0001 pc0=13 ex0=55555555 gvv=1 cls=15 flt=0
M5DBG 0 GRANT gid=0 ctrl=0 vcmp=1 vec=0 sc=0 op=0 pdst=1 cond4=0 pw=00000000 pc=131342177280 0
M5DBG   ex=55555555 lv=ffffffff issbl=1
M5DBG 0 cyc=136 st=01 iv=0000 pc0=13 ex0=55555555 gvv=0 cls=0 flt=1
M5DBG   ex=55555555 lv=ffffffff issbl=0
M5DBG 0 cyc=137 st=01 iv=0000 pc0=13 ex0=55555555 gvv=0 cls=0 flt=1
M5DBG   ex=55555555 lv=ffffffff issbl=0
M5DBG 0 cyc=138 st=01 iv=0000 pc0=13 ex0=55555555 gvv=0 cls=0 flt=1
M5DBG   ex=55555555 lv=ffffffff issbl=0
M5DBG 0 cyc=139 st=01 iv=0000 pc0=13 ex0=55555555 gvv=0 cls=0 flt=1
M5DBG   ex=55555555 lv=ffffffff issbl=0
M5DBG 0 cyc=140 st=01 iv=0000 pc0=13 ex0=55555555 gvv=0 cls=0 flt=1
M5DBG   ex=55555555 lv=ffffffff issbl=0
M5DBG 0 cyc=141 st=01 iv=0000 pc0=14 ex0=55555555 gvv=0 cls=0 flt=1
M5DBG   ex=55555555 lv=ffffffff issbl=0
M5DBG 0 cyc=142 st=01 iv=0000 pc0=14 ex0=55555555 gvv=0 cls=0 flt=1
M5DBG   ex=55555555 lv=ffffffff issbl=0
M5DBG 0 cyc=143 st=01 iv=0000 pc0=14 ex0=55555555 gvv=0 cls=0 flt=1
M5DBG   ex=55555555 lv=ffffffff issbl=0
M5DBG 0 cyc=144 st=01 iv=0000 pc0=14 ex0=55555555 gvv=0 cls=0 flt=1
M5DBG   ex=55555555 lv=ffffffff issbl=0
M5DBG 0 cyc=145 st=01 iv=0001 pc0=14 ex0=55555555 gvv=1 cls=14 flt=0
M5DBG 0 CTRLGRANT disp=000000 bmod=0000 insn=7cb5000000100000 ibuf=7cb5000000100000
M5DBG 0 GRANT gid=0 ctrl=1 vcmp=0 vec=0 sc=0 op=5 pdst=0 cond4=1 pw=00000000 pc=14   1048576 1
M5DBG   ex=55555555 lv=ffffffff issbl=1
M5ENGIN 0 op=5 sp=2 li=0 tft=01 ph=1 ma=00000000 pc=14
M5DBG 0 cyc=146 st=01 iv=0000 pc0=14 ex0=55555555 gvv=0 cls=0 flt=1
M5DBG   ex=55555555 lv=ffffffff issbl=0
M5DBG 0 cyc=147 st=01 iv=0000 pc0=14 ex0=55555555 gvv=0 cls=0 flt=1
M5DBG   ex=55555555 lv=ffffffff issbl=0
M5DBG 0 cyc=148 st=01 iv=0000 pc0=14 ex0=55555555 gvv=0 cls=0 flt=1
M5DBG   ex=55555555 lv=ffffffff issbl=0
M5ENGIN 0 RESULT done=1 fault=0 pop=0 pc=15 we=1 ex=55555555 st=0
M5DBG 0 cyc=149 st=01 iv=0000 pc0=14 ex0=55555555 gvv=0 cls=0 flt=1
M5DBG   ex=55555555 lv=ffffffff issbl=0
M5DBG 0 MCDONE d=1 f=0 code=00 own=0 oex=55555555 osp=2
M5DBG 0 cyc=150 st=01 iv=0000 pc0=15 ex0=55555555 gvv=0 cls=0 flt=1
M5DBG   ex=55555555 lv=ffffffff issbl=0
M5DBG 0 cyc=151 st=01 iv=0000 pc0=15 ex0=55555555 gvv=0 cls=0 flt=1
M5DBG   ex=55555555 lv=ffffffff issbl=0
M5DBG 0 cyc=152 st=01 iv=0000 pc0=15 ex0=55555555 gvv=0 cls=0 flt=1
M5DBG   ex=55555555 lv=ffffffff issbl=0
M5DBG 0 cyc=153 st=01 iv=0000 pc0=15 ex0=55555555 gvv=0 cls=0 flt=1
M5DBG   ex=55555555 lv=ffffffff issbl=0
M5DBG 0 cyc=154 st=01 iv=0001 pc0=15 ex0=55555555 gvv=1 cls=11 flt=0
M5DBG 0 GRANT gid=0 ctrl=0 vcmp=0 vec=1 sc=0 op=0 pdst=0 cond4=0 pw=ffffffff pc=15    126976 0
M5DBG   ex=55555555 lv=ffffffff issbl=1
M5DBG 0 cyc=155 st=01 iv=0000 pc0=15 ex0=55555555 gvv=0 cls=0 flt=1
M5DBG   ex=55555555 lv=ffffffff issbl=0
M5DBG 0 cyc=156 st=01 iv=0000 pc0=15 ex0=55555555 gvv=0 cls=0 flt=1
M5DBG   ex=55555555 lv=ffffffff issbl=0
M5DBG 0 cyc=157 st=01 iv=0000 pc0=15 ex0=55555555 gvv=0 cls=0 flt=1
M5DBG   ex=55555555 lv=ffffffff issbl=0
M5DBG 0 cyc=158 st=01 iv=0000 pc0=15 ex0=55555555 gvv=0 cls=0 flt=1
M5DBG   ex=55555555 lv=ffffffff issbl=0
M5DBG 0 cyc=159 st=01 iv=0000 pc0=15 ex0=55555555 gvv=0 cls=0 flt=1
M5DBG   ex=55555555 lv=ffffffff issbl=0
M5DBG 0 cyc=160 st=01 iv=0000 pc0=16 ex0=55555555 gvv=0 cls=0 flt=1
M5DBG   ex=55555555 lv=ffffffff issbl=0
M5DBG 0 cyc=161 st=01 iv=0000 pc0=16 ex0=55555555 gvv=0 cls=0 flt=1
M5DBG   ex=55555555 lv=ffffffff issbl=0
M5DBG 0 cyc=162 st=01 iv=0000 pc0=16 ex0=55555555 gvv=0 cls=0 flt=1
M5DBG   ex=55555555 lv=ffffffff issbl=0
M5DBG 0 cyc=163 st=01 iv=0001 pc0=16 ex0=55555555 gvv=1 cls=14 flt=0
M5DBG 0 CTRLGRANT disp=000000 bmod=0000 insn=7c25000000000000 ibuf=7c25000000000000
M5DBG 0 GRANT gid=0 ctrl=1 vcmp=0 vec=0 sc=0 op=1 pdst=0 cond4=0 pw=aaaaaaaa pc=16         0 0
M5DBG   ex=55555555 lv=ffffffff issbl=1
M5ENGIN 0 op=1 sp=2 li=0 tft=01 ph=1 ma=00000000 pc=16
M5DBG 0 cyc=164 st=01 iv=0000 pc0=16 ex0=55555555 gvv=0 cls=0 flt=1
M5DBG   ex=55555555 lv=ffffffff issbl=0
M5ENGIN 0 RESULT done=1 fault=0 pop=1 pc=17 we=1 ex=ffffffff st=0
M5DBG 0 cyc=165 st=01 iv=0000 pc0=16 ex0=55555555 gvv=0 cls=0 flt=1
M5DBG   ex=55555555 lv=ffffffff issbl=0
M5DBG 0 MCDONE d=1 f=0 code=00 own=0 oex=ffffffff osp=1
M5DBG 0 cyc=166 st=01 iv=0000 pc0=17 ex0=ffffffff gvv=0 cls=0 flt=1
M5DBG   ex=ffffffff lv=ffffffff issbl=0
M5DBG 0 cyc=167 st=01 iv=0000 pc0=17 ex0=ffffffff gvv=0 cls=0 flt=1
M5DBG   ex=ffffffff lv=ffffffff issbl=0
M5DBG 0 cyc=168 st=01 iv=0000 pc0=17 ex0=ffffffff gvv=0 cls=0 flt=1
M5DBG   ex=ffffffff lv=ffffffff issbl=0
M5DBG 0 cyc=169 st=01 iv=0001 pc0=17 ex0=ffffffff gvv=1 cls=10 flt=0
M5DBG 0 GRANT gid=0 ctrl=0 vcmp=0 vec=1 sc=0 op=0 pdst=0 cond4=0 pw=ffffffff pc=17    258048 0
M5DBG   ex=ffffffff lv=ffffffff issbl=1
M5DBG 0 cyc=170 st=01 iv=0000 pc0=17 ex0=ffffffff gvv=0 cls=0 flt=1
M5DBG   ex=ffffffff lv=ffffffff issbl=0
M5DBG 0 cyc=171 st=01 iv=0000 pc0=17 ex0=ffffffff gvv=0 cls=0 flt=1
M5DBG   ex=ffffffff lv=ffffffff issbl=0
M5DBG 0 cyc=172 st=01 iv=0000 pc0=17 ex0=ffffffff gvv=0 cls=0 flt=1
M5DBG   ex=ffffffff lv=ffffffff issbl=0
M5DBG 0 cyc=173 st=01 iv=0000 pc0=17 ex0=ffffffff gvv=0 cls=0 flt=1
M5DBG   ex=ffffffff lv=ffffffff issbl=0
M5DBG 0 cyc=174 st=01 iv=0000 pc0=17 ex0=ffffffff gvv=0 cls=0 flt=1
M5DBG   ex=ffffffff lv=ffffffff issbl=0
M5DBG 0 cyc=175 st=01 iv=0000 pc0=18 ex0=ffffffff gvv=0 cls=0 flt=1
M5DBG   ex=ffffffff lv=ffffffff issbl=0
M5DBG 0 cyc=176 st=01 iv=0000 pc0=18 ex0=ffffffff gvv=0 cls=0 flt=1
M5DBG   ex=ffffffff lv=ffffffff issbl=0
M5DBG 0 cyc=177 st=01 iv=0000 pc0=18 ex0=ffffffff gvv=0 cls=0 flt=1
M5DBG   ex=ffffffff lv=ffffffff issbl=0
M5DBG 0 cyc=178 st=01 iv=0001 pc0=18 ex0=ffffffff gvv=1 cls=15 flt=0
M5DBG 0 GRANT gid=0 ctrl=0 vcmp=1 vec=0 sc=0 op=0 pdst=2 cond4=0 pw=00000000 pc=181342177280 0
M5DBG   ex=ffffffff lv=ffffffff issbl=1
M5DBG 0 cyc=179 st=01 iv=0000 pc0=18 ex0=ffffffff gvv=0 cls=0 flt=1
M5DBG   ex=ffffffff lv=ffffffff issbl=0
M5DBG 0 cyc=180 st=01 iv=0000 pc0=18 ex0=ffffffff gvv=0 cls=0 flt=1
M5DBG   ex=ffffffff lv=ffffffff issbl=0
M5DBG 0 cyc=181 st=01 iv=0000 pc0=18 ex0=ffffffff gvv=0 cls=0 flt=1
M5DBG   ex=ffffffff lv=ffffffff issbl=0
M5DBG 0 cyc=182 st=01 iv=0000 pc0=18 ex0=ffffffff gvv=0 cls=0 flt=1
M5DBG   ex=ffffffff lv=ffffffff issbl=0
M5DBG 0 cyc=183 st=01 iv=0000 pc0=18 ex0=ffffffff gvv=0 cls=0 flt=1
M5DBG   ex=ffffffff lv=ffffffff issbl=0
M5DBG 0 cyc=184 st=01 iv=0000 pc0=19 ex0=ffffffff gvv=0 cls=0 flt=1
M5DBG   ex=ffffffff lv=ffffffff issbl=0
M5DBG 0 cyc=185 st=01 iv=0000 pc0=19 ex0=ffffffff gvv=0 cls=0 flt=1
M5DBG   ex=ffffffff lv=ffffffff issbl=0
M5DBG 0 cyc=186 st=01 iv=0000 pc0=19 ex0=ffffffff gvv=0 cls=0 flt=1
M5DBG   ex=ffffffff lv=ffffffff issbl=0
M5DBG 0 cyc=187 st=01 iv=0000 pc0=19 ex0=ffffffff gvv=0 cls=0 flt=1
M5DBG   ex=ffffffff lv=ffffffff issbl=0
M5DBG 0 cyc=188 st=01 iv=0001 pc0=19 ex0=ffffffff gvv=1 cls=14 flt=0
M5DBG 0 CTRLGRANT disp=ffffef bmod=0000 insn=7c95ffffef200000 ibuf=7c95ffffef200000
M5DBG 0 GRANT gid=0 ctrl=1 vcmp=0 vec=0 sc=0 op=3 pdst=15 cond4=2 pw=ffffffff pc=194011851776 2
M5DBG   ex=ffffffff lv=ffffffff issbl=1
M5ENGIN 0 op=3 sp=1 li=0 tft=10 ph=0 ma=ffffffff pc=19
M5DBG 0 cyc=189 st=01 iv=0000 pc0=19 ex0=ffffffff gvv=0 cls=0 flt=1
M5DBG   ex=ffffffff lv=ffffffff issbl=0
M5ENGIN 0 RESULT done=1 fault=0 pop=0 pc=3 we=1 ex=ffffffff st=0
M5DBG 0 cyc=190 st=01 iv=0000 pc0=19 ex0=ffffffff gvv=0 cls=0 flt=1
M5DBG   ex=ffffffff lv=ffffffff issbl=0
M5DBG 0 MCDONE d=1 f=0 code=00 own=0 oex=ffffffff osp=1
M5DBG 0 cyc=191 st=01 iv=0000 pc0=3 ex0=ffffffff gvv=0 cls=0 flt=1
M5DBG   ex=ffffffff lv=ffffffff issbl=0
M5DBG 0 cyc=192 st=01 iv=0000 pc0=3 ex0=ffffffff gvv=0 cls=0 flt=1
M5DBG   ex=ffffffff lv=ffffffff issbl=0
M5DBG 0 cyc=193 st=01 iv=0000 pc0=3 ex0=ffffffff gvv=0 cls=0 flt=1
M5DBG   ex=ffffffff lv=ffffffff issbl=0
M5DBG 0 cyc=194 st=01 iv=0001 pc0=3 ex0=ffffffff gvv=1 cls=10 flt=0
M5DBG 0 GRANT gid=0 ctrl=0 vcmp=0 vec=1 sc=0 op=0 pdst=0 cond4=0 pw=ffffffff pc=3    126976 0
M5DBG   ex=ffffffff lv=ffffffff issbl=1
M5DBG 0 cyc=195 st=01 iv=0000 pc0=3 ex0=ffffffff gvv=0 cls=0 flt=1
M5DBG   ex=ffffffff lv=ffffffff issbl=0
M5DBG 0 cyc=196 st=01 iv=0000 pc0=3 ex0=ffffffff gvv=0 cls=0 flt=1
M5DBG   ex=ffffffff lv=ffffffff issbl=0
M5DBG 0 cyc=197 st=01 iv=0000 pc0=3 ex0=ffffffff gvv=0 cls=0 flt=1
M5DBG   ex=ffffffff lv=ffffffff issbl=0
M5DBG 0 cyc=198 st=01 iv=0000 pc0=3 ex0=ffffffff gvv=0 cls=0 flt=1
M5DBG   ex=ffffffff lv=ffffffff issbl=0
M5DBG 0 cyc=199 st=01 iv=0000 pc0=3 ex0=ffffffff gvv=0 cls=0 flt=1
M5DBG   ex=ffffffff lv=ffffffff issbl=0
M5DEC 0 insn=7c15000005000009 cond4=0
M5DEC 0 insn=7c15000005000009 cond4=0
M5ENGIN CBR dsp=5 bmod=0009 tgtE=12 tgtR=16
M5ENGIN 0 op=0 sp=1 li=0 tft=10 ph=0 ma=ffffffff pc=6
M5DEC 0 insn=7c15000005000009 cond4=0
M5ENGIN 0 RESULT done=1 fault=0 pop=0 pc=7 we=1 ex=aaaaaaaa st=0
M5DEC 0 insn=7c15000005000009 cond4=0
M5DEC 0 insn=7c15000005000009 cond4=0
M5DEC 0 insn=7c15000005000009 cond4=0
M5DEC 0 insn=7c15000005000009 cond4=0
M5ENGIN 0 op=4 sp=2 li=0 tft=01 ph=0 ma=55555555 pc=9
M5ENGIN RESUME fr.pc_a=12 pc_b=16 sp=2
M5ENGIN 0 RESULT done=1 fault=0 pop=0 pc=12 we=1 ex=55555555 st=0
M5ENGIN 0 op=5 sp=2 li=0 tft=01 ph=1 ma=00000000 pc=14
M5ENGIN 0 RESULT done=1 fault=0 pop=0 pc=15 we=1 ex=55555555 st=0
M5ENGIN 0 op=1 sp=2 li=0 tft=01 ph=1 ma=00000000 pc=16
M5ENGIN 0 RESULT done=1 fault=0 pop=1 pc=17 we=1 ex=55555555 st=0
M5ENGIN 0 op=3 sp=1 li=0 tft=10 ph=0 ma=55555555 pc=19
M5ENGIN 0 RESULT done=1 fault=0 pop=0 pc=3 we=1 ex=55555555 st=0
M5DEC 0 insn=7c15000005000009 cond4=0
M5DEC 0 insn=7c15000005000009 cond4=0
M5ENGIN CBR dsp=5 bmod=0009 tgtE=12 tgtR=16
M5ENGIN 0 op=0 sp=1 li=0 tft=10 ph=0 ma=55555555 pc=6
M5DEC 0 insn=7c15000005000009 cond4=0
M5ENGIN 0 RESULT done=1 fault=0 pop=0 pc=12 we=1 ex=55555555 st=0
M5DEC 0 insn=7c15000005000009 cond4=0
M5DEC 0 insn=7c15000005000009 cond4=0
M5DEC 0 insn=7c15000005000009 cond4=0
M5ENGIN 0 op=5 sp=2 li=0 tft=01 ph=1 ma=55555555 pc=14
M5ENGIN 0 RESULT done=1 fault=0 pop=0 pc=15 we=1 ex=55555555 st=0
M5ENGIN 0 op=1 sp=2 li=0 tft=01 ph=1 ma=55555555 pc=16
M5ENGIN 0 RESULT done=1 fault=0 pop=1 pc=17 we=1 ex=55555555 st=0
M5ENGIN 0 op=3 sp=1 li=0 tft=10 ph=0 ma=55555555 pc=19
M5ENGIN 0 RESULT done=1 fault=0 pop=1 pc=20 we=1 ex=ffffffff st=0
M5ENGIN 0 op=12 sp=0 li=32 tft=00 ph=0 ma=00000000 pc=20
M5ENGIN 0 RESULT done=1 fault=0 pop=0 pc=0 we=0 ex=ffffffff st=0
MISMATCH events line 20
  A: a 10010a0a0001f000 0 00 00000000 55555555
  B: c 341105000003f000 0 00 00000000 55555555
MISMATCH events line 21
  A: b 0205000004000000 0 00 00000000 55555555
  B: d 300910a050000000 0 00 00000000 55555555
MISMATCH events line 22
  A: 11 341105000003f000 0 00 00000000 55555555
  B: f 10010a0a0001f000 0 00 00000000 55555555
MISMATCH mask-events line 3
  A: w=0 k=BREAK pc=9 ft=2 pu=0 po=0 f=00
  B: w=0 k=BREAK pc=9 ft=1 pu=0 po=0 f=00
MISMATCH mask-events line 5
  A: w=0 k=CONTINUE pc=e ft=2 pu=0 po=0 f=00
  B: w=0 k=CONTINUE pc=e ft=1 pu=0 po=0 f=00
MISMATCH mask-events line 9
  A: w=0 k=BREAK pc=9 ft=2 pu=0 po=0 f=00
  B: w=0 k=BREAK pc=9 ft=1 pu=0 po=0 f=00
DONE mismatch:
 G:DONE retired=47 fault=0 code=00 pc=14 live=00000000
 R:DONE retired=49 fault=0 code=00 pc=14 live=00000000
[diff /tmp/opencode/m5dir_s_726ggd/break_if_scrub_l8] FAIL (25 mismatches)

l8 FAIL
MISMATCH events line 20
  A: a 10010a0a0001f000 0 00 00000000 55555555
  B: c 341105000003f000 0 00 00000000 55555555
MISMATCH events line 21
  A: b 0205000004000000 0 00 00000000 55555555
  B: d 300910a050000000 0 00 00000000 55555555
MISMATCH events line 22
  A: 11 341105000003f000 0 00 00000000 55555555
  B: f 10010a0a0001f000 0 00 00000000 55555555
MISMATCH mask-events line 10
  A: w=0 k=RECONV pc=10 ft=1 pu=0 po=1 f=00
  B: w=0 k=CONTINUE pc=e ft=2 pu=0 po=0 f=00
MISMATCH mask-events line 11
  A: w=0 k=LOOP_END pc=13 ft=2 pu=0 po=0 f=00
  B: w=0 k=RECONV pc=10 ft=1 pu=0 po=1 f=00
MISMATCH mask-events line 12
  A: w=0 k=CBRANCH_IF pc=6 ft=1 pu=1 po=0 f=00
  B: w=0 k=LOOP_END pc=13 ft=2 pu=0 po=0 f=00
DONE mismatch:
 G:DONE retired=47 fault=0 code=00 pc=14 live=00000000
 R:DONE retired=49 fault=0 code=00 pc=14 live=00000000
[diff /tmp/opencode/m5dir_sc9lhsta/break_if_scrub_l8] FAIL (22 mismatches)

l8 FAIL
MISMATCH events line 20
  A: a 10010a0a0001f000 0 00 00000000 55555555
  B: c 341105000003f000 0 00 00000000 55555555
MISMATCH events line 21
  A: b 0205000004000000 0 00 00000000 55555555
  B: d 300910a050000000 0 00 00000000 55555555
MISMATCH events line 22
  A: 11 341105000003f000 0 00 00000000 55555555
  B: f 10010a0a0001f000 0 00 00000000 55555555
MISMATCH mask-events line 10
  A: w=0 k=RECONV pc=10 ft=1 pu=0 po=1 f=00
  B: w=0 k=CONTINUE pc=e ft=2 pu=0 po=0 f=00
MISMATCH mask-events line 11
  A: w=0 k=LOOP_END pc=13 ft=2 pu=0 po=0 f=00
  B: w=0 k=RECONV pc=10 ft=1 pu=0 po=1 f=00
MISMATCH mask-events line 12
  A: w=0 k=CBRANCH_IF pc=6 ft=1 pu=1 po=0 f=00
  B: w=0 k=LOOP_END pc=13 ft=2 pu=0 po=0 f=00
DONE mismatch:
 G:DONE retired=47 fault=0 code=00 pc=14 live=00000000
 R:DONE retired=49 fault=0 code=00 pc=14 live=00000000
[diff /tmp/opencode/m5dir_ytytontd/break_if_scrub_l8] FAIL (22 mismatches)

l8 FAIL
MISMATCH events line 22
  A: c 10010a0a0001f000 0 00 00000000 55555555
  B: e 341105000003f000 0 00 00000000 55555555
MISMATCH events line 23
  A: d 0205000004000000 0 00 00000000 55555555
  B: f 300910a050000000 0 00 00000000 55555555
MISMATCH events line 24
  A: 3 341106000003f000 0 00 00000000 55555555
  B: 11 10010a0a0001f000 0 00 00000000 55555555
MISMATCH mask-events line 10
  A: w=0 k=RECONV pc=12 ft=1 pu=0 po=1 f=00
  B: w=0 k=CONTINUE pc=10 ft=2 pu=0 po=0 f=00
MISMATCH mask-events line 11
  A: w=0 k=LOOP_END pc=13 ft=2 pu=0 po=0 f=00
  B: w=0 k=RECONV pc=12 ft=1 pu=0 po=1 f=00
MISMATCH mask-events line 12
  A: w=0 k=CBRANCH_IF pc=8 ft=1 pu=1 po=0 f=00
  B: w=0 k=LOOP_END pc=13 ft=2 pu=0 po=0 f=00
DONE mismatch:
 G:DONE retired=57 fault=0 code=00 pc=14 live=00000000
 R:DONE retired=59 fault=0 code=00 pc=14 live=00000000
[diff /tmp/opencode/m5dir_qdr5kuse/break_if_scrub_l8] FAIL (30 mismatches)

l8 FAIL
MISMATCH events line 30
  A: d 10010a0a0001f000 0 00 00000000 55555555
  B: 9 341105000002f000 0 00 00000000 55555555
MISMATCH events line 31
  A: 3 341106000003f000 0 00 00000000 55555555
  B: a 300910a050000000 0 00 00000000 55555555
MISMATCH events line 32
  A: 4 302920a060000000 0 00 00000000 55555555
  B: 
MISMATCH mask-events line 16
  A: w=0 k=RECONV pc=c ft=1 pu=0 po=1 f=00
  B: w=0 k=BREAK pc=b ft=2 pu=0 po=0 f=00
MISMATCH mask-events line 17
  A: w=0 k=LOOP_END pc=e ft=2 pu=0 po=0 f=00
  B: w=0 k=LOOP_END pc=e ft=2 pu=0 po=1 f=00
MISMATCH mask-events line 18
  A: w=0 k=CBRANCH_IF pc=8 ft=1 pu=1 po=0 f=00
  B: w=0 k=RET_KERNEL_WF pc=f ft=0 pu=0 po=0 f=00
MISMATCH state line 2
  A: PRED aaaaaaaa aaaaaaaa aaaaaaaa 00000000 00000000 00000000 00000000 00000000 00000000 00000000 00000000 00000000 00000000 00000000 00000000
  B: PRED aaaaaaaa ffffffff ffffffff 00000000 00000000 00000000 00000000 00000000 00000000 00000000 00000000 00000000 00000000 00000000 00000000
MISMATCH state line 16
  A: VGPR 0a 00000004 00000002 00000004 00000002 00000004 00000002 00000004 00000002 00000004 00000002 00000004 00000002 00000004 00000002 00000004 00000002 00000004 00000002 00000004 00000002 00000004 00000002 00000004 00000002 00000004 00000002 00000004 00000002 00000004 00000002 00000004 00000002
  B: VGPR 0a 00000002 00000002 00000002 00000002 00000002 00000002 00000002 00000002 00000002 00000002 00000002 00000002 00000002 00000002 00000002 00000002 00000002 00000002 00000002 00000002 00000002 00000002 00000002 00000002 00000002 00000002 00000002 00000002 00000002 00000002 00000002 00000002
DONE mismatch:
 G:DONE retired=60 fault=0 code=00 pc=f live=00000000
 R:DONE retired=49 fault=0 code=00 pc=f live=00000000
[diff /tmp/opencode/m5dir_tvs19r2h/break_if_scrub_l8] FAIL (19 mismatches)

l8 FAIL
M5DBG 0 LAUNCH sl=0 entry=0 cw=16 ex=ffffffff
M5DBG 0 cyc=17 st=01 iv=0000 pc0=0 ex0=ffffffff gvv=0 cls=0 flt=1
M5DBG   ex=ffffffff lv=ffffffff issbl=0
M5DBG 0 cyc=18 st=01 iv=0000 pc0=0 ex0=ffffffff gvv=0 cls=0 flt=1
M5DBG   ex=ffffffff lv=ffffffff issbl=0
M5DBG 0 cyc=19 st=01 iv=0000 pc0=0 ex0=ffffffff gvv=0 cls=0 flt=1
M5DBG   ex=ffffffff lv=ffffffff issbl=0
M5DBG 0 cyc=20 st=01 iv=0000 pc0=0 ex0=ffffffff gvv=0 cls=0 flt=1
M5DBG   ex=ffffffff lv=ffffffff issbl=0
M5DBG 0 cyc=21 st=01 iv=0001 pc0=0 ex0=ffffffff gvv=1 cls=13 flt=0
M5DBG 0 GRANT gid=0 ctrl=0 vcmp=0 vec=1 sc=0 op=0 pdst=0 cond4=0 pw=ffffffff pc=0     61440 0
M5DBG   ex=ffffffff lv=ffffffff issbl=1
M5DBG 0 cyc=22 st=01 iv=0000 pc0=0 ex0=ffffffff gvv=0 cls=0 flt=1
M5DBG   ex=ffffffff lv=ffffffff issbl=0
M5DBG 0 cyc=23 st=01 iv=0000 pc0=0 ex0=ffffffff gvv=0 cls=0 flt=1
M5DBG   ex=ffffffff lv=ffffffff issbl=0
M5DBG 0 cyc=24 st=01 iv=0000 pc0=0 ex0=ffffffff gvv=0 cls=0 flt=1
M5DBG   ex=ffffffff lv=ffffffff issbl=0
M5DBG 0 cyc=25 st=01 iv=0000 pc0=0 ex0=ffffffff gvv=0 cls=0 flt=1
M5DBG   ex=ffffffff lv=ffffffff issbl=0
M5DBG 0 cyc=26 st=01 iv=0000 pc0=0 ex0=ffffffff gvv=0 cls=0 flt=1
M5DBG   ex=ffffffff lv=ffffffff issbl=0
M5DBG 0 cyc=27 st=01 iv=0000 pc0=1 ex0=ffffffff gvv=0 cls=0 flt=1
M5DBG   ex=ffffffff lv=ffffffff issbl=0
M5DBG 0 cyc=28 st=01 iv=0000 pc0=1 ex0=ffffffff gvv=0 cls=0 flt=1
M5DBG   ex=ffffffff lv=ffffffff issbl=0
M5DBG 0 cyc=29 st=01 iv=0000 pc0=1 ex0=ffffffff gvv=0 cls=0 flt=1
M5DBG   ex=ffffffff lv=ffffffff issbl=0
M5DBG 0 cyc=30 st=01 iv=0000 pc0=1 ex0=ffffffff gvv=0 cls=0 flt=1
M5DBG   ex=ffffffff lv=ffffffff issbl=0
M5DBG 0 cyc=31 st=01 iv=0001 pc0=1 ex0=ffffffff gvv=1 cls=10 flt=0
M5DBG 0 GRANT gid=0 ctrl=0 vcmp=0 vec=1 sc=0 op=0 pdst=0 cond4=0 pw=ffffffff pc=1     61440 0
M5DBG   ex=ffffffff lv=ffffffff issbl=1
M5DBG 0 cyc=32 st=01 iv=0000 pc0=1 ex0=ffffffff gvv=0 cls=0 flt=1
M5DBG   ex=ffffffff lv=ffffffff issbl=0
M5DBG 0 cyc=33 st=01 iv=0000 pc0=1 ex0=ffffffff gvv=0 cls=0 flt=1
M5DBG   ex=ffffffff lv=ffffffff issbl=0
M5DBG 0 cyc=34 st=01 iv=0000 pc0=1 ex0=ffffffff gvv=0 cls=0 flt=1
M5DBG   ex=ffffffff lv=ffffffff issbl=0
M5DBG 0 cyc=35 st=01 iv=0000 pc0=1 ex0=ffffffff gvv=0 cls=0 flt=1
M5DBG   ex=ffffffff lv=ffffffff issbl=0
M5DBG 0 cyc=36 st=01 iv=0000 pc0=1 ex0=ffffffff gvv=0 cls=0 flt=1
M5DBG   ex=ffffffff lv=ffffffff issbl=0
M5DBG 0 cyc=37 st=01 iv=0000 pc0=2 ex0=ffffffff gvv=0 cls=0 flt=1
M5DBG   ex=ffffffff lv=ffffffff issbl=0
M5DBG 0 cyc=38 st=01 iv=0000 pc0=2 ex0=ffffffff gvv=0 cls=0 flt=1
M5DBG   ex=ffffffff lv=ffffffff issbl=0
M5DBG 0 cyc=39 st=01 iv=0000 pc0=2 ex0=ffffffff gvv=0 cls=0 flt=1
M5DBG   ex=ffffffff lv=ffffffff issbl=0
M5DBG 0 cyc=40 st=01 iv=0001 pc0=2 ex0=ffffffff gvv=1 cls=14 flt=0
M5DBG 0 CTRLGRANT disp=00000b bmod=0000 insn=7c8500000b000000 ibuf=7c8500000b000000
M5DBG 0 GRANT gid=0 ctrl=1 vcmp=0 vec=0 sc=0 op=2 pdst=0 cond4=0 pw=00000000 pc=2 184549376 0
M5DBG   ex=ffffffff lv=ffffffff issbl=1
M5ENGIN 0 op=2 sp=0 li=32 tft=00 ph=0 ma=00000000 pc=2
M5DBG 0 cyc=41 st=01 iv=0000 pc0=2 ex0=ffffffff gvv=0 cls=0 flt=1
M5DBG   ex=ffffffff lv=ffffffff issbl=0
M5ENGIN 0 RESULT done=1 fault=0 pop=0 pc=3 we=1 ex=ffffffff st=0
M5DBG 0 cyc=42 st=01 iv=0000 pc0=2 ex0=ffffffff gvv=0 cls=0 flt=1
M5DBG   ex=ffffffff lv=ffffffff issbl=0
M5DBG 0 MCDONE d=1 f=0 code=00 own=0 oex=ffffffff osp=1
M5DBG 0 cyc=43 st=01 iv=0000 pc0=3 ex0=ffffffff gvv=0 cls=0 flt=1
M5DBG   ex=ffffffff lv=ffffffff issbl=0
M5DBG 0 cyc=44 st=01 iv=0000 pc0=3 ex0=ffffffff gvv=0 cls=0 flt=1
M5DBG   ex=ffffffff lv=ffffffff issbl=0
M5DBG 0 cyc=45 st=01 iv=0000 pc0=3 ex0=ffffffff gvv=0 cls=0 flt=1
M5DBG   ex=ffffffff lv=ffffffff issbl=0
M5DBG 0 cyc=46 st=01 iv=0001 pc0=3 ex0=ffffffff gvv=1 cls=10 flt=0
M5DBG 0 GRANT gid=0 ctrl=0 vcmp=0 vec=1 sc=0 op=0 pdst=0 cond4=0 pw=ffffffff pc=3    258048 0
M5DBG   ex=ffffffff lv=ffffffff issbl=1
M5DBG 0 cyc=47 st=01 iv=0000 pc0=3 ex0=ffffffff gvv=0 cls=0 flt=1
M5DBG   ex=ffffffff lv=ffffffff issbl=0
M5DBG 0 cyc=48 st=01 iv=0000 pc0=3 ex0=ffffffff gvv=0 cls=0 flt=1
M5DBG   ex=ffffffff lv=ffffffff issbl=0
M5DBG 0 cyc=49 st=01 iv=0000 pc0=3 ex0=ffffffff gvv=0 cls=0 flt=1
M5DBG   ex=ffffffff lv=ffffffff issbl=0
M5DBG 0 cyc=50 st=01 iv=0000 pc0=3 ex0=ffffffff gvv=0 cls=0 flt=1
M5DBG   ex=ffffffff lv=ffffffff issbl=0
M5DBG 0 cyc=51 st=01 iv=0000 pc0=3 ex0=ffffffff gvv=0 cls=0 flt=1
M5DBG   ex=ffffffff lv=ffffffff issbl=0
M5DBG 0 cyc=52 st=01 iv=0000 pc0=4 ex0=ffffffff gvv=0 cls=0 flt=1
M5DBG   ex=ffffffff lv=ffffffff issbl=0
M5DBG 0 cyc=53 st=01 iv=0000 pc0=4 ex0=ffffffff gvv=0 cls=0 flt=1
M5DBG   ex=ffffffff lv=ffffffff issbl=0
M5DBG 0 cyc=54 st=01 iv=0000 pc0=4 ex0=ffffffff gvv=0 cls=0 flt=1
M5DBG   ex=ffffffff lv=ffffffff issbl=0
M5DBG 0 cyc=55 st=01 iv=0000 pc0=4 ex0=ffffffff gvv=0 cls=0 flt=1
M5DBG   ex=ffffffff lv=ffffffff issbl=0
M5DBG 0 cyc=56 st=01 iv=0001 pc0=4 ex0=ffffffff gvv=1 cls=15 flt=0
M5DBG 0 GRANT gid=0 ctrl=0 vcmp=1 vec=0 sc=0 op=0 pdst=2 cond4=0 pw=00000000 pc=41610612736 0
M5DBG   ex=ffffffff lv=ffffffff issbl=1
M5DBG 0 cyc=57 st=01 iv=0000 pc0=4 ex0=ffffffff gvv=0 cls=0 flt=1
M5DBG   ex=ffffffff lv=ffffffff issbl=0
M5DBG 0 cyc=58 st=01 iv=0000 pc0=4 ex0=ffffffff gvv=0 cls=0 flt=1
M5DBG   ex=ffffffff lv=ffffffff issbl=0
M5DBG 0 cyc=59 st=01 iv=0000 pc0=4 ex0=ffffffff gvv=0 cls=0 flt=1
M5DBG   ex=ffffffff lv=ffffffff issbl=0
M5DBG 0 cyc=60 st=01 iv=0000 pc0=4 ex0=ffffffff gvv=0 cls=0 flt=1
M5DBG   ex=ffffffff lv=ffffffff issbl=0
M5DBG 0 cyc=61 st=01 iv=0000 pc0=4 ex0=ffffffff gvv=0 cls=0 flt=1
M5DBG   ex=ffffffff lv=ffffffff issbl=0
M5DBG 0 cyc=62 st=01 iv=0000 pc0=5 ex0=ffffffff gvv=0 cls=0 flt=1
M5DBG   ex=ffffffff lv=ffffffff issbl=0
M5DBG 0 cyc=63 st=01 iv=0000 pc0=5 ex0=ffffffff gvv=0 cls=0 flt=1
M5DBG   ex=ffffffff lv=ffffffff issbl=0
M5DBG 0 cyc=64 st=01 iv=0000 pc0=5 ex0=ffffffff gvv=0 cls=0 flt=1
M5DBG   ex=ffffffff lv=ffffffff issbl=0
M5DBG 0 cyc=65 st=01 iv=0001 pc0=5 ex0=ffffffff gvv=1 cls=10 flt=0
M5DBG 0 GRANT gid=0 ctrl=0 vcmp=0 vec=1 sc=0 op=0 pdst=0 cond4=0 pw=ffffffff pc=5    126976 0
M5DBG   ex=ffffffff lv=ffffffff issbl=1
M5DBG 0 cyc=66 st=01 iv=0000 pc0=5 ex0=ffffffff gvv=0 cls=0 flt=1
M5DBG   ex=ffffffff lv=ffffffff issbl=0
M5DBG 0 cyc=67 st=01 iv=0000 pc0=5 ex0=ffffffff gvv=0 cls=0 flt=1
M5DBG   ex=ffffffff lv=ffffffff issbl=0
M5DBG 0 cyc=68 st=01 iv=0000 pc0=5 ex0=ffffffff gvv=0 cls=0 flt=1
M5DBG   ex=ffffffff lv=ffffffff issbl=0
M5DBG 0 cyc=69 st=01 iv=0000 pc0=5 ex0=ffffffff gvv=0 cls=0 flt=1
M5DBG   ex=ffffffff lv=ffffffff issbl=0
M5DBG 0 cyc=70 st=01 iv=0000 pc0=5 ex0=ffffffff gvv=0 cls=0 flt=1
M5DBG   ex=ffffffff lv=ffffffff issbl=0
M5DBG 0 cyc=71 st=01 iv=0000 pc0=6 ex0=ffffffff gvv=0 cls=0 flt=1
M5DBG   ex=ffffffff lv=ffffffff issbl=0
M5DBG 0 cyc=72 st=01 iv=0000 pc0=6 ex0=ffffffff gvv=0 cls=0 flt=1
M5DBG   ex=ffffffff lv=ffffffff issbl=0
M5DBG 0 cyc=73 st=01 iv=0000 pc0=6 ex0=ffffffff gvv=0 cls=0 flt=1
M5DBG   ex=ffffffff lv=ffffffff issbl=0
M5DBG 0 cyc=74 st=01 iv=0001 pc0=6 ex0=ffffffff gvv=1 cls=11 flt=0
M5DBG 0 GRANT gid=0 ctrl=0 vcmp=0 vec=1 sc=0 op=0 pdst=0 cond4=0 pw=ffffffff pc=6  67170304 0
M5DBG   ex=ffffffff lv=ffffffff issbl=1
M5DBG 0 cyc=75 st=01 iv=0000 pc0=6 ex0=ffffffff gvv=0 cls=0 flt=1
M5DBG   ex=ffffffff lv=ffffffff issbl=0
M5DBG 0 cyc=76 st=01 iv=0000 pc0=6 ex0=ffffffff gvv=0 cls=0 flt=1
M5DBG   ex=ffffffff lv=ffffffff issbl=0
M5DBG 0 cyc=77 st=01 iv=0000 pc0=6 ex0=ffffffff gvv=0 cls=0 flt=1
M5DBG   ex=ffffffff lv=ffffffff issbl=0
M5DBG 0 cyc=78 st=01 iv=0000 pc0=6 ex0=ffffffff gvv=0 cls=0 flt=1
M5DBG   ex=ffffffff lv=ffffffff issbl=0
M5DBG 0 cyc=79 st=01 iv=0000 pc0=6 ex0=ffffffff gvv=0 cls=0 flt=1
M5DBG   ex=ffffffff lv=ffffffff issbl=0
M5DBG 0 cyc=80 st=01 iv=0000 pc0=7 ex0=ffffffff gvv=0 cls=0 flt=1
M5DBG   ex=ffffffff lv=ffffffff issbl=0
M5DBG 0 cyc=81 st=01 iv=0000 pc0=7 ex0=ffffffff gvv=0 cls=0 flt=1
M5DBG   ex=ffffffff lv=ffffffff issbl=0
M5DBG 0 cyc=82 st=01 iv=0000 pc0=7 ex0=ffffffff gvv=0 cls=0 flt=1
M5DBG   ex=ffffffff lv=ffffffff issbl=0
M5DBG 0 cyc=83 st=01 iv=0001 pc0=7 ex0=ffffffff gvv=1 cls=15 flt=0
M5DBG 0 GRANT gid=0 ctrl=0 vcmp=1 vec=0 sc=0 op=0 pdst=0 cond4=0 pw=00000000 pc=71073741824 0
M5DBG   ex=ffffffff lv=ffffffff issbl=1
M5DBG 0 cyc=84 st=01 iv=0000 pc0=7 ex0=ffffffff gvv=0 cls=0 flt=1
M5DBG   ex=ffffffff lv=ffffffff issbl=0
M5DBG 0 cyc=85 st=01 iv=0000 pc0=7 ex0=ffffffff gvv=0 cls=0 flt=1
M5DBG   ex=ffffffff lv=ffffffff issbl=0
M5DBG 0 cyc=86 st=01 iv=0000 pc0=7 ex0=ffffffff gvv=0 cls=0 flt=1
M5DBG   ex=ffffffff lv=ffffffff issbl=0
M5DBG 0 cyc=87 st=01 iv=0000 pc0=7 ex0=ffffffff gvv=0 cls=0 flt=1
M5DBG   ex=ffffffff lv=ffffffff issbl=0
M5DBG 0 cyc=88 st=01 iv=0000 pc0=7 ex0=ffffffff gvv=0 cls=0 flt=1
M5DBG   ex=ffffffff lv=ffffffff issbl=0
M5DBG 0 cyc=89 st=01 iv=0000 pc0=8 ex0=ffffffff gvv=0 cls=0 flt=1
M5DBG   ex=ffffffff lv=ffffffff issbl=0
M5DBG 0 cyc=90 st=01 iv=0000 pc0=8 ex0=ffffffff gvv=0 cls=0 flt=1
M5DBG   ex=ffffffff lv=ffffffff issbl=0
M5DBG 0 cyc=91 st=01 iv=0000 pc0=8 ex0=ffffffff gvv=0 cls=0 flt=1
M5DBG   ex=ffffffff lv=ffffffff issbl=0
M5DBG 0 cyc=92 st=01 iv=0000 pc0=8 ex0=ffffffff gvv=0 cls=0 flt=1
M5DBG   ex=ffffffff lv=ffffffff issbl=0
M5DEC 0 insn=7c15000000000003 cond4=0
M5DBG 0 cyc=93 st=01 iv=0001 pc0=8 ex0=ffffffff gvv=1 cls=14 flt=0
M5DBG 0 CTRLGRANT disp=000000 bmod=0003 insn=7c15000000000003 ibuf=7c15000000000003
M5DBG 0 GRANT gid=0 ctrl=1 vcmp=0 vec=0 sc=0 op=0 pdst=0 cond4=0 pw=aaaaaaaa pc=8         3 0
M5DBG   ex=ffffffff lv=ffffffff issbl=1
M5DEC 0 insn=7c15000000000003 cond4=0
M5ENGIN CBR dsp=0 bmod=0003 tgtE=9 tgtR=12
M5ENGIN 0 op=0 sp=1 li=0 tft=10 ph=0 ma=ffffffff pc=8
M5DBG 0 cyc=94 st=01 iv=0000 pc0=8 ex0=ffffffff gvv=0 cls=0 flt=1
M5DBG   ex=ffffffff lv=ffffffff issbl=0
M5DEC 0 insn=7c15000000000003 cond4=0
M5ENGIN 0 RESULT done=1 fault=0 pop=0 pc=9 we=1 ex=aaaaaaaa st=0
M5DBG 0 cyc=95 st=01 iv=0000 pc0=8 ex0=ffffffff gvv=0 cls=0 flt=1
M5DBG   ex=ffffffff lv=ffffffff issbl=0
M5DBG 0 MCDONE d=1 f=0 code=00 own=0 oex=aaaaaaaa osp=2
M5DEC 0 insn=7c15000000000003 cond4=0
M5DBG 0 cyc=96 st=01 iv=0000 pc0=9 ex0=aaaaaaaa gvv=0 cls=0 flt=1
M5DBG   ex=aaaaaaaa lv=ffffffff issbl=0
M5DEC 0 insn=7c15000000000003 cond4=0
M5DBG 0 cyc=97 st=01 iv=0000 pc0=9 ex0=aaaaaaaa gvv=0 cls=0 flt=1
M5DBG   ex=aaaaaaaa lv=ffffffff issbl=0
M5DEC 0 insn=7c15000000000003 cond4=0
M5DBG 0 cyc=98 st=01 iv=0000 pc0=9 ex0=aaaaaaaa gvv=0 cls=0 flt=1
M5DBG   ex=aaaaaaaa lv=ffffffff issbl=0
M5DBG 0 cyc=99 st=01 iv=0001 pc0=9 ex0=aaaaaaaa gvv=1 cls=10 flt=0
M5DBG 0 GRANT gid=0 ctrl=0 vcmp=0 vec=1 sc=0 op=0 pdst=0 cond4=0 pw=ffffffff pc=9    192512 0
M5DBG   ex=aaaaaaaa lv=ffffffff issbl=1
M5DBG 0 cyc=100 st=01 iv=0000 pc0=9 ex0=aaaaaaaa gvv=0 cls=0 flt=1
M5DBG   ex=aaaaaaaa lv=ffffffff issbl=0
M5DBG 0 cyc=101 st=01 iv=0000 pc0=9 ex0=aaaaaaaa gvv=0 cls=0 flt=1
M5DBG   ex=aaaaaaaa lv=ffffffff issbl=0
M5DBG 0 cyc=102 st=01 iv=0000 pc0=9 ex0=aaaaaaaa gvv=0 cls=0 flt=1
M5DBG   ex=aaaaaaaa lv=ffffffff issbl=0
M5DBG 0 cyc=103 st=01 iv=0000 pc0=9 ex0=aaaaaaaa gvv=0 cls=0 flt=1
M5DBG   ex=aaaaaaaa lv=ffffffff issbl=0
M5DBG 0 cyc=104 st=01 iv=0000 pc0=9 ex0=aaaaaaaa gvv=0 cls=0 flt=1
M5DBG   ex=aaaaaaaa lv=ffffffff issbl=0
M5DBG 0 cyc=105 st=01 iv=0000 pc0=10 ex0=aaaaaaaa gvv=0 cls=0 flt=1
M5DBG   ex=aaaaaaaa lv=ffffffff issbl=0
M5DBG 0 cyc=106 st=01 iv=0000 pc0=10 ex0=aaaaaaaa gvv=0 cls=0 flt=1
M5DBG   ex=aaaaaaaa lv=ffffffff issbl=0
M5DBG 0 cyc=107 st=01 iv=0000 pc0=10 ex0=aaaaaaaa gvv=0 cls=0 flt=1
M5DBG   ex=aaaaaaaa lv=ffffffff issbl=0
M5DBG 0 cyc=108 st=01 iv=0001 pc0=10 ex0=aaaaaaaa gvv=1 cls=15 flt=0
M5DBG 0 GRANT gid=0 ctrl=0 vcmp=1 vec=0 sc=0 op=0 pdst=1 cond4=0 pw=00000000 pc=101342177280 0
M5DBG   ex=aaaaaaaa lv=ffffffff issbl=1
M5DBG 0 cyc=109 st=01 iv=0000 pc0=10 ex0=aaaaaaaa gvv=0 cls=0 flt=1
M5DBG   ex=aaaaaaaa lv=ffffffff issbl=0
M5DBG 0 cyc=110 st=01 iv=0000 pc0=10 ex0=aaaaaaaa gvv=0 cls=0 flt=1
M5DBG   ex=aaaaaaaa lv=ffffffff issbl=0
M5DBG 0 cyc=111 st=01 iv=0000 pc0=10 ex0=aaaaaaaa gvv=0 cls=0 flt=1
M5DBG   ex=aaaaaaaa lv=ffffffff issbl=0
M5DBG 0 cyc=112 st=01 iv=0000 pc0=10 ex0=aaaaaaaa gvv=0 cls=0 flt=1
M5DBG   ex=aaaaaaaa lv=ffffffff issbl=0
M5DBG 0 cyc=113 st=01 iv=0000 pc0=10 ex0=aaaaaaaa gvv=0 cls=0 flt=1
M5DBG   ex=aaaaaaaa lv=ffffffff issbl=0
M5DBG 0 cyc=114 st=01 iv=0000 pc0=11 ex0=aaaaaaaa gvv=0 cls=0 flt=1
M5DBG   ex=aaaaaaaa lv=ffffffff issbl=0
M5DBG 0 cyc=115 st=01 iv=0000 pc0=11 ex0=aaaaaaaa gvv=0 cls=0 flt=1
M5DBG   ex=aaaaaaaa lv=ffffffff issbl=0
M5DBG 0 cyc=116 st=01 iv=0000 pc0=11 ex0=aaaaaaaa gvv=0 cls=0 flt=1
M5DBG   ex=aaaaaaaa lv=ffffffff issbl=0
M5DBG 0 cyc=117 st=01 iv=0001 pc0=11 ex0=aaaaaaaa gvv=1 cls=14 flt=0
M5DBG 0 CTRLGRANT disp=000000 bmod=0000 insn=7ca5000000100000 ibuf=7ca5000000100000
M5DBG 0 GRANT gid=0 ctrl=1 vcmp=0 vec=0 sc=0 op=4 pdst=0 cond4=1 pw=00000000 pc=11   1048576 1
M5DBG   ex=aaaaaaaa lv=ffffffff issbl=1
M5ENGIN 0 op=4 sp=2 li=0 tft=01 ph=0 ma=55555555 pc=11
M5DBG 0 cyc=118 st=01 iv=0000 pc0=11 ex0=aaaaaaaa gvv=0 cls=0 flt=1
M5DBG   ex=aaaaaaaa lv=ffffffff issbl=0
M5DBG 0 cyc=119 st=01 iv=0000 pc0=11 ex0=aaaaaaaa gvv=0 cls=0 flt=1
M5DBG   ex=aaaaaaaa lv=ffffffff issbl=0
M5ENGIN SCRUB op=4 m=00000000 ex=aaaaaaaa li=0 wi=1 sp=2
M5DBG 0 cyc=120 st=01 iv=0000 pc0=11 ex0=aaaaaaaa gvv=0 cls=0 flt=1
M5DBG   ex=aaaaaaaa lv=ffffffff issbl=0
M5ENGIN SCRUB op=4 m=00000000 ex=aaaaaaaa li=0 wi=0 sp=2
M5ENGIN 0 RESULT done=1 fault=0 pop=0 pc=12 we=1 ex=aaaaaaaa st=0
M5DBG 0 cyc=121 st=01 iv=0000 pc0=11 ex0=aaaaaaaa gvv=0 cls=0 flt=1
M5DBG   ex=aaaaaaaa lv=ffffffff issbl=0
M5DBG 0 MCDONE d=1 f=0 code=00 own=0 oex=aaaaaaaa osp=2
M5DBG 0 cyc=122 st=01 iv=0000 pc0=12 ex0=aaaaaaaa gvv=0 cls=0 flt=1
M5DBG   ex=aaaaaaaa lv=ffffffff issbl=0
M5DBG 0 cyc=123 st=01 iv=0000 pc0=12 ex0=aaaaaaaa gvv=0 cls=0 flt=1
M5DBG   ex=aaaaaaaa lv=ffffffff issbl=0
M5DBG 0 cyc=124 st=01 iv=0000 pc0=12 ex0=aaaaaaaa gvv=0 cls=0 flt=1
M5DBG   ex=aaaaaaaa lv=ffffffff issbl=0
M5DBG 0 cyc=125 st=01 iv=0000 pc0=12 ex0=aaaaaaaa gvv=0 cls=0 flt=1
M5DBG   ex=aaaaaaaa lv=ffffffff issbl=0
M5DBG 0 cyc=126 st=01 iv=0001 pc0=12 ex0=aaaaaaaa gvv=1 cls=14 flt=0
M5DBG 0 CTRLGRANT disp=000000 bmod=0000 insn=7c25000000000000 ibuf=7c25000000000000
M5DBG 0 GRANT gid=0 ctrl=1 vcmp=0 vec=0 sc=0 op=1 pdst=0 cond4=0 pw=aaaaaaaa pc=12         0 0
M5DBG   ex=aaaaaaaa lv=ffffffff issbl=1
M5ENGIN 0 op=1 sp=2 li=0 tft=01 ph=0 ma=55555555 pc=12
M5DBG 0 cyc=127 st=01 iv=0000 pc0=12 ex0=aaaaaaaa gvv=0 cls=0 flt=1
M5DBG   ex=aaaaaaaa lv=ffffffff issbl=0
M5ENGIN 0 RESULT done=1 fault=0 pop=0 pc=9 we=1 ex=55555555 st=0
M5DBG 0 cyc=128 st=01 iv=0000 pc0=12 ex0=aaaaaaaa gvv=0 cls=0 flt=1
M5DBG   ex=aaaaaaaa lv=ffffffff issbl=0
M5DBG 0 MCDONE d=1 f=0 code=00 own=0 oex=55555555 osp=2
M5DBG 0 cyc=129 st=01 iv=0000 pc0=9 ex0=55555555 gvv=0 cls=0 flt=1
M5DBG   ex=55555555 lv=ffffffff issbl=0
M5DBG 0 cyc=130 st=01 iv=0000 pc0=9 ex0=55555555 gvv=0 cls=0 flt=1
M5DBG   ex=55555555 lv=ffffffff issbl=0
M5DBG 0 cyc=131 st=01 iv=0000 pc0=9 ex0=55555555 gvv=0 cls=0 flt=1
M5DBG   ex=55555555 lv=ffffffff issbl=0
M5DBG 0 cyc=132 st=01 iv=0001 pc0=9 ex0=55555555 gvv=1 cls=10 flt=0
M5DBG 0 GRANT gid=0 ctrl=0 vcmp=0 vec=1 sc=0 op=0 pdst=0 cond4=0 pw=ffffffff pc=9    192512 0
M5DBG   ex=55555555 lv=ffffffff issbl=1
M5DBG 0 cyc=133 st=01 iv=0000 pc0=9 ex0=55555555 gvv=0 cls=0 flt=1
M5DBG   ex=55555555 lv=ffffffff issbl=0
M5DBG 0 cyc=134 st=01 iv=0000 pc0=9 ex0=55555555 gvv=0 cls=0 flt=1
M5DBG   ex=55555555 lv=ffffffff issbl=0
M5DBG 0 cyc=135 st=01 iv=0000 pc0=9 ex0=55555555 gvv=0 cls=0 flt=1
M5DBG   ex=55555555 lv=ffffffff issbl=0
M5DBG 0 cyc=136 st=01 iv=0000 pc0=9 ex0=55555555 gvv=0 cls=0 flt=1
M5DBG   ex=55555555 lv=ffffffff issbl=0
M5DBG 0 cyc=137 st=01 iv=0000 pc0=9 ex0=55555555 gvv=0 cls=0 flt=1
M5DBG   ex=55555555 lv=ffffffff issbl=0
M5DBG 0 cyc=138 st=01 iv=0000 pc0=10 ex0=55555555 gvv=0 cls=0 flt=1
M5DBG   ex=55555555 lv=ffffffff issbl=0
M5DBG 0 cyc=139 st=01 iv=0000 pc0=10 ex0=55555555 gvv=0 cls=0 flt=1
M5DBG   ex=55555555 lv=ffffffff issbl=0
M5DBG 0 cyc=140 st=01 iv=0000 pc0=10 ex0=55555555 gvv=0 cls=0 flt=1
M5DBG   ex=55555555 lv=ffffffff issbl=0
M5DBG 0 cyc=141 st=01 iv=0001 pc0=10 ex0=55555555 gvv=1 cls=15 flt=0
M5DBG 0 GRANT gid=0 ctrl=0 vcmp=1 vec=0 sc=0 op=0 pdst=1 cond4=0 pw=00000000 pc=101342177280 0
M5DBG   ex=55555555 lv=ffffffff issbl=1
M5DBG 0 cyc=142 st=01 iv=0000 pc0=10 ex0=55555555 gvv=0 cls=0 flt=1
M5DBG   ex=55555555 lv=ffffffff issbl=0
M5DBG 0 cyc=143 st=01 iv=0000 pc0=10 ex0=55555555 gvv=0 cls=0 flt=1
M5DBG   ex=55555555 lv=ffffffff issbl=0
M5DBG 0 cyc=144 st=01 iv=0000 pc0=10 ex0=55555555 gvv=0 cls=0 flt=1
M5DBG   ex=55555555 lv=ffffffff issbl=0
M5DBG 0 cyc=145 st=01 iv=0000 pc0=10 ex0=55555555 gvv=0 cls=0 flt=1
M5DBG   ex=55555555 lv=ffffffff issbl=0
M5DBG 0 cyc=146 st=01 iv=0000 pc0=10 ex0=55555555 gvv=0 cls=0 flt=1
M5DBG   ex=55555555 lv=ffffffff issbl=0
M5DBG 0 cyc=147 st=01 iv=0000 pc0=11 ex0=55555555 gvv=0 cls=0 flt=1
M5DBG   ex=55555555 lv=ffffffff issbl=0
M5DBG 0 cyc=148 st=01 iv=0000 pc0=11 ex0=55555555 gvv=0 cls=0 flt=1
M5DBG   ex=55555555 lv=ffffffff issbl=0
M5DBG 0 cyc=149 st=01 iv=0000 pc0=11 ex0=55555555 gvv=0 cls=0 flt=1
M5DBG   ex=55555555 lv=ffffffff issbl=0
M5DBG 0 cyc=150 st=01 iv=0000 pc0=11 ex0=55555555 gvv=0 cls=0 flt=1
M5DBG   ex=55555555 lv=ffffffff issbl=0
M5DBG 0 cyc=151 st=01 iv=0001 pc0=11 ex0=55555555 gvv=1 cls=14 flt=0
M5DBG 0 CTRLGRANT disp=000000 bmod=0000 insn=7ca5000000100000 ibuf=7ca5000000100000
M5DBG 0 GRANT gid=0 ctrl=1 vcmp=0 vec=0 sc=0 op=4 pdst=0 cond4=1 pw=00000000 pc=11   1048576 1
M5DBG   ex=55555555 lv=ffffffff issbl=1
M5ENGIN 0 op=4 sp=2 li=0 tft=01 ph=1 ma=00000000 pc=11
M5DBG 0 cyc=152 st=01 iv=0000 pc0=11 ex0=55555555 gvv=0 cls=0 flt=1
M5DBG   ex=55555555 lv=ffffffff issbl=0
M5DBG 0 cyc=153 st=01 iv=0000 pc0=11 ex0=55555555 gvv=0 cls=0 flt=1
M5DBG   ex=55555555 lv=ffffffff issbl=0
M5ENGIN SCRUB op=4 m=00000000 ex=55555555 li=0 wi=1 sp=2
M5DBG 0 cyc=154 st=01 iv=0000 pc0=11 ex0=55555555 gvv=0 cls=0 flt=1
M5DBG   ex=55555555 lv=ffffffff issbl=0
M5ENGIN SCRUB op=4 m=00000000 ex=55555555 li=0 wi=0 sp=2
M5ENGIN 0 RESULT done=1 fault=0 pop=0 pc=12 we=1 ex=55555555 st=0
M5DBG 0 cyc=155 st=01 iv=0000 pc0=11 ex0=55555555 gvv=0 cls=0 flt=1
M5DBG   ex=55555555 lv=ffffffff issbl=0
M5DBG 0 MCDONE d=1 f=0 code=00 own=0 oex=55555555 osp=2
M5DBG 0 cyc=156 st=01 iv=0000 pc0=12 ex0=55555555 gvv=0 cls=0 flt=1
M5DBG   ex=55555555 lv=ffffffff issbl=0
M5DBG 0 cyc=157 st=01 iv=0000 pc0=12 ex0=55555555 gvv=0 cls=0 flt=1
M5DBG   ex=55555555 lv=ffffffff issbl=0
M5DBG 0 cyc=158 st=01 iv=0000 pc0=12 ex0=55555555 gvv=0 cls=0 flt=1
M5DBG   ex=55555555 lv=ffffffff issbl=0
M5DBG 0 cyc=159 st=01 iv=0001 pc0=12 ex0=55555555 gvv=1 cls=14 flt=0
M5DBG 0 CTRLGRANT disp=000000 bmod=0000 insn=7c25000000000000 ibuf=7c25000000000000
M5DBG 0 GRANT gid=0 ctrl=1 vcmp=0 vec=0 sc=0 op=1 pdst=0 cond4=0 pw=aaaaaaaa pc=12         0 0
M5DBG   ex=55555555 lv=ffffffff issbl=1
M5ENGIN 0 op=1 sp=2 li=0 tft=01 ph=1 ma=00000000 pc=12
M5DBG 0 cyc=160 st=01 iv=0000 pc0=12 ex0=55555555 gvv=0 cls=0 flt=1
M5DBG   ex=55555555 lv=ffffffff issbl=0
M5ENGIN 0 RESULT done=1 fault=0 pop=1 pc=13 we=1 ex=ffffffff st=0
M5DBG 0 cyc=161 st=01 iv=0000 pc0=12 ex0=55555555 gvv=0 cls=0 flt=1
M5DBG   ex=55555555 lv=ffffffff issbl=0
M5DBG 0 MCDONE d=1 f=0 code=00 own=0 oex=ffffffff osp=1
M5DBG 0 cyc=162 st=01 iv=0000 pc0=13 ex0=ffffffff gvv=0 cls=0 flt=1
M5DBG   ex=ffffffff lv=ffffffff issbl=0
M5DBG 0 cyc=163 st=01 iv=0000 pc0=13 ex0=ffffffff gvv=0 cls=0 flt=1
M5DBG   ex=ffffffff lv=ffffffff issbl=0
M5DBG 0 cyc=164 st=01 iv=0000 pc0=13 ex0=ffffffff gvv=0 cls=0 flt=1
M5DBG   ex=ffffffff lv=ffffffff issbl=0
M5DBG 0 cyc=165 st=01 iv=0000 pc0=13 ex0=ffffffff gvv=0 cls=0 flt=1
M5DBG   ex=ffffffff lv=ffffffff issbl=0
M5DBG 0 cyc=166 st=01 iv=0001 pc0=13 ex0=ffffffff gvv=1 cls=11 flt=0
M5DBG 0 GRANT gid=0 ctrl=0 vcmp=0 vec=1 sc=0 op=0 pdst=0 cond4=0 pw=ffffffff pc=13    126976 0
M5DBG   ex=ffffffff lv=ffffffff issbl=1
M5DBG 0 cyc=167 st=01 iv=0000 pc0=13 ex0=ffffffff gvv=0 cls=0 flt=1
M5DBG   ex=ffffffff lv=ffffffff issbl=0
M5DBG 0 cyc=168 st=01 iv=0000 pc0=13 ex0=ffffffff gvv=0 cls=0 flt=1
M5DBG   ex=ffffffff lv=ffffffff issbl=0
M5DBG 0 cyc=169 st=01 iv=0000 pc0=13 ex0=ffffffff gvv=0 cls=0 flt=1
M5DBG   ex=ffffffff lv=ffffffff issbl=0
M5DBG 0 cyc=170 st=01 iv=0000 pc0=13 ex0=ffffffff gvv=0 cls=0 flt=1
M5DBG   ex=ffffffff lv=ffffffff issbl=0
M5DBG 0 cyc=171 st=01 iv=0000 pc0=13 ex0=ffffffff gvv=0 cls=0 flt=1
M5DBG   ex=ffffffff lv=ffffffff issbl=0
M5DBG 0 cyc=172 st=01 iv=0000 pc0=14 ex0=ffffffff gvv=0 cls=0 flt=1
M5DBG   ex=ffffffff lv=ffffffff issbl=0
M5DBG 0 cyc=173 st=01 iv=0000 pc0=14 ex0=ffffffff gvv=0 cls=0 flt=1
M5DBG   ex=ffffffff lv=ffffffff issbl=0
M5DBG 0 cyc=174 st=01 iv=0000 pc0=14 ex0=ffffffff gvv=0 cls=0 flt=1
M5DBG   ex=ffffffff lv=ffffffff issbl=0
M5DBG 0 cyc=175 st=01 iv=0001 pc0=14 ex0=ffffffff gvv=1 cls=14 flt=0
M5DBG 0 CTRLGRANT disp=fffff4 bmod=0000 insn=7c95fffff4200000 ibuf=7c95fffff4200000
M5DBG 0 GRANT gid=0 ctrl=1 vcmp=0 vec=0 sc=0 op=3 pdst=15 cond4=2 pw=ffffffff pc=144095737856 2
M5DBG   ex=ffffffff lv=ffffffff issbl=1
M5ENGIN 0 op=3 sp=1 li=0 tft=10 ph=0 ma=ffffffff pc=14
M5DBG 0 cyc=176 st=01 iv=0000 pc0=14 ex0=ffffffff gvv=0 cls=0 flt=1
M5DBG   ex=ffffffff lv=ffffffff issbl=0
M5ENGIN 0 RESULT done=1 fault=0 pop=0 pc=3 we=1 ex=ffffffff st=0
M5DBG 0 cyc=177 st=01 iv=0000 pc0=14 ex0=ffffffff gvv=0 cls=0 flt=1
M5DBG   ex=ffffffff lv=ffffffff issbl=0
M5DBG 0 MCDONE d=1 f=0 code=00 own=0 oex=ffffffff osp=1
M5DBG 0 cyc=178 st=01 iv=0000 pc0=3 ex0=ffffffff gvv=0 cls=0 flt=1
M5DBG   ex=ffffffff lv=ffffffff issbl=0
M5DBG 0 cyc=179 st=01 iv=0000 pc0=3 ex0=ffffffff gvv=0 cls=0 flt=1
M5DBG   ex=ffffffff lv=ffffffff issbl=0
M5DBG 0 cyc=180 st=01 iv=0000 pc0=3 ex0=ffffffff gvv=0 cls=0 flt=1
M5DBG   ex=ffffffff lv=ffffffff issbl=0
M5DBG 0 cyc=181 st=01 iv=0001 pc0=3 ex0=ffffffff gvv=1 cls=10 flt=0
M5DBG 0 GRANT gid=0 ctrl=0 vcmp=0 vec=1 sc=0 op=0 pdst=0 cond4=0 pw=ffffffff pc=3    258048 0
M5DBG   ex=ffffffff lv=ffffffff issbl=1
M5DBG 0 cyc=182 st=01 iv=0000 pc0=3 ex0=ffffffff gvv=0 cls=0 flt=1
M5DBG   ex=ffffffff lv=ffffffff issbl=0
M5DBG 0 cyc=183 st=01 iv=0000 pc0=3 ex0=ffffffff gvv=0 cls=0 flt=1
M5DBG   ex=ffffffff lv=ffffffff issbl=0
M5DBG 0 cyc=184 st=01 iv=0000 pc0=3 ex0=ffffffff gvv=0 cls=0 flt=1
M5DBG   ex=ffffffff lv=ffffffff issbl=0
M5DBG 0 cyc=185 st=01 iv=0000 pc0=3 ex0=ffffffff gvv=0 cls=0 flt=1
M5DBG   ex=ffffffff lv=ffffffff issbl=0
M5DBG 0 cyc=186 st=01 iv=0000 pc0=3 ex0=ffffffff gvv=0 cls=0 flt=1
M5DBG   ex=ffffffff lv=ffffffff issbl=0
M5DBG 0 cyc=187 st=01 iv=0000 pc0=4 ex0=ffffffff gvv=0 cls=0 flt=1
M5DBG   ex=ffffffff lv=ffffffff issbl=0
M5DBG 0 cyc=188 st=01 iv=0000 pc0=4 ex0=ffffffff gvv=0 cls=0 flt=1
M5DBG   ex=ffffffff lv=ffffffff issbl=0
M5DBG 0 cyc=189 st=01 iv=0000 pc0=4 ex0=ffffffff gvv=0 cls=0 flt=1
M5DBG   ex=ffffffff lv=ffffffff issbl=0
M5DBG 0 cyc=190 st=01 iv=0000 pc0=4 ex0=ffffffff gvv=0 cls=0 flt=1
M5DBG   ex=ffffffff lv=ffffffff issbl=0
M5DBG 0 cyc=191 st=01 iv=0001 pc0=4 ex0=ffffffff gvv=1 cls=15 flt=0
M5DBG 0 GRANT gid=0 ctrl=0 vcmp=1 vec=0 sc=0 op=0 pdst=2 cond4=0 pw=ffffffff pc=41610612736 0
M5DBG   ex=ffffffff lv=ffffffff issbl=1
M5DBG 0 cyc=192 st=01 iv=0000 pc0=4 ex0=ffffffff gvv=0 cls=0 flt=1
M5DBG   ex=ffffffff lv=ffffffff issbl=0
M5DBG 0 cyc=193 st=01 iv=0000 pc0=4 ex0=ffffffff gvv=0 cls=0 flt=1
M5DBG   ex=ffffffff lv=ffffffff issbl=0
M5DBG 0 cyc=194 st=01 iv=0000 pc0=4 ex0=ffffffff gvv=0 cls=0 flt=1
M5DBG   ex=ffffffff lv=ffffffff issbl=0
M5DBG 0 cyc=195 st=01 iv=0000 pc0=4 ex0=ffffffff gvv=0 cls=0 flt=1
M5DBG   ex=ffffffff lv=ffffffff issbl=0
M5DBG 0 cyc=196 st=01 iv=0000 pc0=4 ex0=ffffffff gvv=0 cls=0 flt=1
M5DBG   ex=ffffffff lv=ffffffff issbl=0
M5DBG 0 cyc=197 st=01 iv=0000 pc0=5 ex0=ffffffff gvv=0 cls=0 flt=1
M5DBG   ex=ffffffff lv=ffffffff issbl=0
M5DBG 0 cyc=198 st=01 iv=0000 pc0=5 ex0=ffffffff gvv=0 cls=0 flt=1
M5DBG   ex=ffffffff lv=ffffffff issbl=0
M5DBG 0 cyc=199 st=01 iv=0000 pc0=5 ex0=ffffffff gvv=0 cls=0 flt=1
M5DBG   ex=ffffffff lv=ffffffff issbl=0
M5DEC 0 insn=7c15000000000003 cond4=0
M5DEC 0 insn=7c15000000000003 cond4=0
M5ENGIN CBR dsp=0 bmod=0003 tgtE=9 tgtR=12
M5ENGIN 0 op=0 sp=1 li=0 tft=10 ph=0 ma=ffffffff pc=8
M5DEC 0 insn=7c15000000000003 cond4=0
M5ENGIN 0 RESULT done=1 fault=0 pop=0 pc=9 we=1 ex=aaaaaaaa st=0
M5DEC 0 insn=7c15000000000003 cond4=0
M5DEC 0 insn=7c15000000000003 cond4=0
M5DEC 0 insn=7c15000000000003 cond4=0
M5ENGIN 0 op=4 sp=2 li=0 tft=01 ph=0 ma=55555555 pc=11
M5ENGIN SCRUB op=4 m=00000000 ex=aaaaaaaa li=0 wi=1 sp=2
M5ENGIN SCRUB op=4 m=00000000 ex=aaaaaaaa li=0 wi=0 sp=2
M5ENGIN 0 RESULT done=1 fault=0 pop=0 pc=12 we=1 ex=aaaaaaaa st=0
M5ENGIN 0 op=1 sp=2 li=0 tft=01 ph=0 ma=55555555 pc=12
M5ENGIN 0 RESULT done=1 fault=0 pop=0 pc=9 we=1 ex=55555555 st=0
M5ENGIN 0 op=4 sp=2 li=0 tft=01 ph=1 ma=00000000 pc=11
M5ENGIN SCRUB op=4 m=00000000 ex=55555555 li=0 wi=1 sp=2
M5ENGIN SCRUB op=4 m=00000000 ex=55555555 li=0 wi=0 sp=2
M5ENGIN 0 RESULT done=1 fault=0 pop=0 pc=12 we=1 ex=55555555 st=0
M5ENGIN 0 op=1 sp=2 li=0 tft=01 ph=1 ma=00000000 pc=12
M5ENGIN 0 RESULT done=1 fault=0 pop=1 pc=13 we=1 ex=ffffffff st=0
M5ENGIN 0 op=3 sp=1 li=0 tft=10 ph=0 ma=ffffffff pc=14
M5ENGIN 0 RESULT done=1 fault=0 pop=0 pc=3 we=1 ex=ffffffff st=0
M5DEC 0 insn=7c15000000000003 cond4=0
M5DEC 0 insn=7c15000000000003 cond4=0
M5ENGIN CBR dsp=0 bmod=0003 tgtE=9 tgtR=12
M5ENGIN 0 op=0 sp=1 li=0 tft=10 ph=0 ma=ffffffff pc=8
M5DEC 0 insn=7c15000000000003 cond4=0
M5ENGIN 0 RESULT done=1 fault=0 pop=0 pc=9 we=1 ex=aaaaaaaa st=0
M5DEC 0 insn=7c15000000000003 cond4=0
M5DEC 0 insn=7c15000000000003 cond4=0
M5DEC 0 insn=7c15000000000003 cond4=0
M5ENGIN 0 op=4 sp=2 li=0 tft=01 ph=0 ma=55555555 pc=11
M5ENGIN SCRUB op=4 m=aaaaaaaa ex=aaaaaaaa li=0 wi=1 sp=2
M5ENGIN SCRUB op=4 m=aaaaaaaa ex=aaaaaaaa li=0 wi=0 sp=2
M5ENGIN RESUME fr.pc_a=9 pc_b=12 sp=2
M5ENGIN 0 RESULT done=1 fault=0 pop=0 pc=9 we=1 ex=55555555 st=0
M5ENGIN 0 op=4 sp=2 li=0 tft=01 ph=1 ma=00000000 pc=11
M5ENGIN SCRUB op=4 m=55555555 ex=55555555 li=0 wi=1 sp=2
M5ENGIN SCRUB op=4 m=55555555 ex=55555555 li=0 wi=0 sp=2
M5ENGIN 0 RESULT done=1 fault=0 pop=0 pc=14 we=1 ex=00000000 st=0
M5ENGIN 0 op=3 sp=1 li=0 tft=10 ph=0 ma=00000000 pc=14
M5ENGIN 0 RESULT done=1 fault=0 pop=1 pc=15 we=1 ex=ffffffff st=0
M5ENGIN 0 op=12 sp=0 li=32 tft=00 ph=0 ma=00000000 pc=15
M5ENGIN 0 RESULT done=1 fault=0 pop=0 pc=0 we=0 ex=ffffffff st=0
MISMATCH events line 30
  A: d 10010a0a0001f000 0 00 00000000 55555555
  B: 9 341105000002f000 0 00 00000000 55555555
MISMATCH events line 31
  A: 3 341106000003f000 0 00 00000000 55555555
  B: a 300910a050000000 0 00 00000000 55555555
MISMATCH events line 32
  A: 4 302920a060000000 0 00 00000000 55555555
  B: 
MISMATCH mask-events line 16
  A: w=0 k=RECONV pc=c ft=1 pu=0 po=1 f=00
  B: w=0 k=BREAK pc=b ft=2 pu=0 po=0 f=00
MISMATCH mask-events line 17
  A: w=0 k=LOOP_END pc=e ft=2 pu=0 po=0 f=00
  B: w=0 k=LOOP_END pc=e ft=2 pu=0 po=1 f=00
MISMATCH mask-events line 18
  A: w=0 k=CBRANCH_IF pc=8 ft=1 pu=1 po=0 f=00
  B: w=0 k=RET_KERNEL_WF pc=f ft=0 pu=0 po=0 f=00
MISMATCH state line 2
  A: PRED aaaaaaaa aaaaaaaa aaaaaaaa 00000000 00000000 00000000 00000000 00000000 00000000 00000000 00000000 00000000 00000000 00000000 00000000
  B: PRED aaaaaaaa ffffffff ffffffff 00000000 00000000 00000000 00000000 00000000 00000000 00000000 00000000 00000000 00000000 00000000 00000000
MISMATCH state line 16
  A: VGPR 0a 00000004 00000002 00000004 00000002 00000004 00000002 00000004 00000002 00000004 00000002 00000004 00000002 00000004 00000002 00000004 00000002 00000004 00000002 00000004 00000002 00000004 00000002 00000004 00000002 00000004 00000002 00000004 00000002 00000004 00000002 00000004 00000002
  B: VGPR 0a 00000002 00000002 00000002 00000002 00000002 00000002 00000002 00000002 00000002 00000002 00000002 00000002 00000002 00000002 00000002 00000002 00000002 00000002 00000002 00000002 00000002 00000002 00000002 00000002 00000002 00000002 00000002 00000002 00000002 00000002 00000002 00000002
DONE mismatch:
 G:DONE retired=60 fault=0 code=00 pc=f live=00000000
 R:DONE retired=49 fault=0 code=00 pc=f live=00000000
[diff /tmp/opencode/m5dir_qe1on6om/break_if_scrub_l8] FAIL (19 mismatches)

l8 FAIL
MISMATCH events line 30
  A: d 10010a0a0001f000 0 00 00000000 55555555
  B: 9 341105000002f000 0 00 00000000 55555555
MISMATCH events line 31
  A: 3 341106000003f000 0 00 00000000 55555555
  B: a 300910a050000000 0 00 00000000 55555555
MISMATCH events line 32
  A: 4 302920a060000000 0 00 00000000 55555555
  B: 
MISMATCH mask-events line 16
  A: w=0 k=RECONV pc=c ft=1 pu=0 po=1 f=00
  B: w=0 k=BREAK pc=b ft=2 pu=0 po=0 f=00
MISMATCH mask-events line 17
  A: w=0 k=LOOP_END pc=e ft=2 pu=0 po=0 f=00
  B: w=0 k=LOOP_END pc=e ft=2 pu=0 po=1 f=00
MISMATCH mask-events line 18
  A: w=0 k=CBRANCH_IF pc=8 ft=1 pu=1 po=0 f=00
  B: w=0 k=RET_KERNEL_WF pc=f ft=0 pu=0 po=0 f=00
MISMATCH state line 2
  A: PRED aaaaaaaa aaaaaaaa aaaaaaaa 00000000 00000000 00000000 00000000 00000000 00000000 00000000 00000000 00000000 00000000 00000000 00000000
  B: PRED aaaaaaaa ffffffff ffffffff 00000000 00000000 00000000 00000000 00000000 00000000 00000000 00000000 00000000 00000000 00000000 00000000
MISMATCH state line 16
  A: VGPR 0a 00000004 00000002 00000004 00000002 00000004 00000002 00000004 00000002 00000004 00000002 00000004 00000002 00000004 00000002 00000004 00000002 00000004 00000002 00000004 00000002 00000004 00000002 00000004 00000002 00000004 00000002 00000004 00000002 00000004 00000002 00000004 00000002
  B: VGPR 0a 00000002 00000002 00000002 00000002 00000002 00000002 00000002 00000002 00000002 00000002 00000002 00000002 00000002 00000002 00000002 00000002 00000002 00000002 00000002 00000002 00000002 00000002 00000002 00000002 00000002 00000002 00000002 00000002 00000002 00000002 00000002 00000002
DONE mismatch:
 G:DONE retired=60 fault=0 code=00 pc=f live=00000000
 R:DONE retired=49 fault=0 code=00 pc=f live=00000000
[diff /tmp/opencode/m5dir_5wm9bfu4/break_if_scrub_l8] FAIL (19 mismatches)

l8 PASS
TBPW w=0 addr=1 val=aaaaaaaa
TBPW w=0 addr=2 val=00000000
TBPRE pre-P1=aaaaaaaa kind=2
TBPW w=0 addr=2 val=ffffffff
TBPRE pre-P1=aaaaaaaa kind=0
TBPRE pre-P1=aaaaaaaa kind=4
TBPRE pre-P1=aaaaaaaa kind=1
TBPRE pre-P1=aaaaaaaa kind=3
TBPW w=0 addr=2 val=ffffffff
TBPRE pre-P1=aaaaaaaa kind=0
TBPRE pre-P1=aaaaaaaa kind=1
TBPRE pre-P1=aaaaaaaa kind=3
TBPW w=0 addr=2 val=ffffffff
TBPRE pre-P1=aaaaaaaa kind=0
TBPRE pre-P1=aaaaaaaa kind=1
TBPRE pre-P1=aaaaaaaa kind=3
TBPW w=0 addr=2 val=aaaaaaaa
TBPRE pre-P1=aaaaaaaa kind=0
TBPRE pre-P1=aaaaaaaa kind=1
TBPRE pre-P1=aaaaaaaa kind=3
TBPRE pre-P1=aaaaaaaa kind=12
[diff /tmp/opencode/m5dir_dh85o2ru/break_if_scrub_l8] PASS (0 mismatches)

l4 PASS
[diff /tmp/opencode/m5dir_xevuzaju/break_if_scrub_l4] PASS (0 mismatches)

l8 PASS
TBPW w=0 addr=1 val=aaaaaaaa
TBPW w=0 addr=2 val=00000000
TBPRE pre-P1=aaaaaaaa kind=2
TBPW w=0 addr=2 val=ffffffff
TBPRE pre-P1=aaaaaaaa kind=0
TBPRE pre-P1=aaaaaaaa kind=4
TBPRE pre-P1=aaaaaaaa kind=1
TBPRE pre-P1=aaaaaaaa kind=3
TBPW w=0 addr=2 val=ffffffff
TBPRE pre-P1=aaaaaaaa kind=0
TBPRE pre-P1=aaaaaaaa kind=1
TBPRE pre-P1=aaaaaaaa kind=3
TBPW w=0 addr=2 val=ffffffff
TBPRE pre-P1=aaaaaaaa kind=0
TBPRE pre-P1=aaaaaaaa kind=1
TBPRE pre-P1=aaaaaaaa kind=3
TBPW w=0 addr=2 val=aaaaaaaa
TBPRE pre-P1=aaaaaaaa kind=0
TBPRE pre-P1=aaaaaaaa kind=1
TBPRE pre-P1=aaaaaaaa kind=3
TBPRE pre-P1=aaaaaaaa kind=12
[diff /tmp/opencode/m5dir_xevuzaju/break_if_scrub_l8] PASS (0 mismatches)

l16 PASS
[diff /tmp/opencode/m5dir_xevuzaju/break_if_scrub_l16] PASS (0 mismatches)

l32 PASS
[diff /tmp/opencode/m5dir_xevuzaju/break_if_scrub_l32] PASS (0 mismatches)

l8 FAIL
TBPW w=0 addr=1 val=aaaaaaaa
TBPW w=0 addr=2 val=00000000
TBPRE pre-P1=aaaaaaaa kind=2
TBPW w=0 addr=2 val=ffffffff
TBPRE pre-P1=aaaaaaaa kind=0
TBPRE pre-P1=aaaaaaaa kind=4
TBPRE pre-P1=aaaaaaaa kind=1
TBPRE pre-P1=aaaaaaaa kind=3
TBPW w=0 addr=2 val=ffffffff
TBPRE pre-P1=aaaaaaaa kind=0
TBPRE pre-P1=aaaaaaaa kind=1
TBPRE pre-P1=aaaaaaaa kind=3
TBPW w=0 addr=2 val=ffffffff
TBPRE pre-P1=aaaaaaaa kind=0
TBPRE pre-P1=aaaaaaaa kind=1
TBPRE pre-P1=aaaaaaaa kind=3
TBPW w=0 addr=2 val=aaaaaaaa
TBPRE pre-P1=aaaaaaaa kind=0
TBPRE pre-P1=aaaaaaaa kind=1
TBPRE pre-P1=aaaaaaaa kind=3
TBPRE pre-P1=aaaaaaaa kind=12
DONE mismatch:
 G:0 DONE retired=34 fault=0 code=00 pc=f live=00000000
 R:DONE retired=34 fault=0 code=00 pc=f live=00000000
[diff /tmp/opencode/m5dir_8ozsr4sj/break_if_scrub_l8] FAIL (1 mismatches)

l8 FAIL
TBPW w=0 addr=1 val=aaaaaaaa
TBPW w=0 addr=2 val=00000000
TBPRE pre-P1=aaaaaaaa kind=2
TBPW w=0 addr=2 val=ffffffff
TBPRE pre-P1=aaaaaaaa kind=0
TBPRE pre-P1=aaaaaaaa kind=4
TBPRE pre-P1=aaaaaaaa kind=1
TBPRE pre-P1=aaaaaaaa kind=3
TBPW w=0 addr=2 val=ffffffff
TBPRE pre-P1=aaaaaaaa kind=0
TBPRE pre-P1=aaaaaaaa kind=1
TBPRE pre-P1=aaaaaaaa kind=3
TBPW w=0 addr=2 val=ffffffff
TBPRE pre-P1=aaaaaaaa kind=0
TBPRE pre-P1=aaaaaaaa kind=1
TBPRE pre-P1=aaaaaaaa kind=3
TBPW w=0 addr=2 val=aaaaaaaa
TBPRE pre-P1=aaaaaaaa kind=0
TBPRE pre-P1=aaaaaaaa kind=1
TBPRE pre-P1=aaaaaaaa kind=3
TBPRE pre-P1=aaaaaaaa kind=12
DONE mismatch:
 G:0 DONE retired=34 fault=0 code=00 pc=f live=00000000
 R:DONE retired=34 fault=0 code=00 pc=f live=00000000
[diff /tmp/opencode/m5dir_clx76wgv/break_if_scrub_l8] FAIL (1 mismatches)

l8 FAIL
TBPW w=0 addr=1 val=aaaaaaaa
TBPW w=0 addr=2 val=00000000
TBPRE pre-P1=aaaaaaaa kind=2
TBPW w=0 addr=2 val=ffffffff
TBPRE pre-P1=aaaaaaaa kind=0
TBPRE pre-P1=aaaaaaaa kind=4
TBPRE pre-P1=aaaaaaaa kind=1
TBPRE pre-P1=aaaaaaaa kind=3
TBPW w=0 addr=2 val=ffffffff
TBPRE pre-P1=aaaaaaaa kind=0
TBPRE pre-P1=aaaaaaaa kind=1
TBPRE pre-P1=aaaaaaaa kind=3
TBPW w=0 addr=2 val=ffffffff
TBPRE pre-P1=aaaaaaaa kind=0
TBPRE pre-P1=aaaaaaaa kind=1
TBPRE pre-P1=aaaaaaaa kind=3
TBPW w=0 addr=2 val=aaaaaaaa
TBPRE pre-P1=aaaaaaaa kind=0
TBPRE pre-P1=aaaaaaaa kind=1
TBPRE pre-P1=aaaaaaaa kind=3
TBPRE pre-P1=aaaaaaaa kind=12
DONE mismatch:
 G:0 DONE retired=34 fault=0 code=00 pc=f live=00000000
 R:DONE retired=34 fault=0 code=00 pc=f live=00000000
[diff /tmp/opencode/m5dir_eimu630l/break_if_scrub_l8] FAIL (1 mismatches)

l8 PASS
TBPW w=0 addr=1 val=aaaaaaaa
TBPW w=0 addr=2 val=00000000
TBCTRL pc=7 op=7c8 cond=0 P=00000000
TBPRE pre-P1=aaaaaaaa kind=2
TBPW w=0 addr=2 val=ffffffff
TBCTRL pc=10 op=7c1 cond=1 P=aaaaaaaa
TBPRE pre-P1=aaaaaaaa kind=0
TBCTRL pc=11 op=7ca cond=1 P=aaaaaaaa
TBPRE pre-P1=aaaaaaaa kind=4
TBCTRL pc=13 op=7c2 cond=0 P=00000000
TBPRE pre-P1=aaaaaaaa kind=1
TBCTRL pc=14 op=7c9 cond=2 P=ffffffff
TBPRE pre-P1=aaaaaaaa kind=3
TBPW w=0 addr=2 val=ffffffff
TBCTRL pc=10 op=7c1 cond=1 P=aaaaaaaa
TBPRE pre-P1=aaaaaaaa kind=0
TBCTRL pc=13 op=7c2 cond=0 P=00000000
TBPRE pre-P1=aaaaaaaa kind=1
TBCTRL pc=14 op=7c9 cond=2 P=ffffffff
TBPRE pre-P1=aaaaaaaa kind=3
TBPW w=0 addr=2 val=ffffffff
TBCTRL pc=10 op=7c1 cond=1 P=aaaaaaaa
TBPRE pre-P1=aaaaaaaa kind=0
TBCTRL pc=13 op=7c2 cond=0 P=00000000
TBPRE pre-P1=aaaaaaaa kind=1
TBCTRL pc=14 op=7c9 cond=2 P=ffffffff
TBPRE pre-P1=aaaaaaaa kind=3
TBPW w=0 addr=2 val=aaaaaaaa
TBCTRL pc=10 op=7c1 cond=1 P=aaaaaaaa
TBPRE pre-P1=aaaaaaaa kind=0
TBCTRL pc=13 op=7c2 cond=0 P=00000000
TBPRE pre-P1=aaaaaaaa kind=1
TBCTRL pc=14 op=7c9 cond=2 P=aaaaaaaa
TBPRE pre-P1=aaaaaaaa kind=3
TBCTRL pc=15 op=7cf cond=0 P=00000000
TBPRE pre-P1=aaaaaaaa kind=12
[diff /tmp/opencode/m5dir_l22m_1qq/break_if_scrub_l8] PASS (0 mismatches)

l8 PASS
TBPW w=0 addr=1 val=aaaaaaaa
TBPW w=0 addr=2 val=00000000
TBCTRL pc=7 op=7c8 cond=0 P=00000000
TBPRE pre-P1=aaaaaaaa kind=2
TBPW w=0 addr=2 val=ffffffff
TBCTRL pc=10 op=7c1 cond=1 P=aaaaaaaa
TBPRE pre-P1=aaaaaaaa kind=0
TBCTRL pc=11 op=7ca cond=1 P=aaaaaaaa
TBPRE pre-P1=aaaaaaaa kind=4
TBCTRL pc=13 op=7c2 cond=0 P=00000000
TBPRE pre-P1=aaaaaaaa kind=1
TBCTRL pc=14 op=7c9 cond=2 P=ffffffff
TBPRE pre-P1=aaaaaaaa kind=3
TBPW w=0 addr=2 val=ffffffff
TBCTRL pc=10 op=7c1 cond=1 P=aaaaaaaa
TBPRE pre-P1=aaaaaaaa kind=0
TBCTRL pc=13 op=7c2 cond=0 P=00000000
TBPRE pre-P1=aaaaaaaa kind=1
TBCTRL pc=14 op=7c9 cond=2 P=ffffffff
TBPRE pre-P1=aaaaaaaa kind=3
TBPW w=0 addr=2 val=ffffffff
TBCTRL pc=10 op=7c1 cond=1 P=aaaaaaaa
TBPRE pre-P1=aaaaaaaa kind=0
TBCTRL pc=13 op=7c2 cond=0 P=00000000
TBPRE pre-P1=aaaaaaaa kind=1
TBCTRL pc=14 op=7c9 cond=2 P=ffffffff
TBPRE pre-P1=aaaaaaaa kind=3
TBPW w=0 addr=2 val=aaaaaaaa
TBCTRL pc=10 op=7c1 cond=1 P=aaaaaaaa
TBPRE pre-P1=aaaaaaaa kind=0
TBCTRL pc=13 op=7c2 cond=0 P=00000000
TBPRE pre-P1=aaaaaaaa kind=1
TBCTRL pc=14 op=7c9 cond=2 P=aaaaaaaa
TBPRE pre-P1=aaaaaaaa kind=3
TBCTRL pc=15 op=7cf cond=0 P=00000000
TBPRE pre-P1=aaaaaaaa kind=12
[diff /tmp/opencode/m5dir_rkxqrkmm/break_if_scrub_l8] PASS (0 mismatches)

l4 PASS
TBPW w=0 addr=1 val=aaaaaaaa
TBPW w=0 addr=2 val=00000000
TBCTRL pc=7 op=7c8 cond=0 P=00000000
TBPRE pre-P1=aaaaaaaa kind=2
TBPW w=0 addr=2 val=ffffffff
TBCTRL pc=10 op=7c1 cond=1 P=aaaaaaaa
TBPRE pre-P1=aaaaaaaa kind=0
TBCTRL pc=11 op=7ca cond=1 P=aaaaaaaa
TBPRE pre-P1=aaaaaaaa kind=4
TBCTRL pc=13 op=7c2 cond=0 P=00000000
TBPRE pre-P1=aaaaaaaa kind=1
TBCTRL pc=14 op=7c9 cond=2 P=ffffffff
TBPRE pre-P1=aaaaaaaa kind=3
TBPW w=0 addr=2 val=ffffffff
TBCTRL pc=10 op=7c1 cond=1 P=aaaaaaaa
TBPRE pre-P1=aaaaaaaa kind=0
TBCTRL pc=13 op=7c2 cond=0 P=00000000
TBPRE pre-P1=aaaaaaaa kind=1
TBCTRL pc=14 op=7c9 cond=2 P=ffffffff
TBPRE pre-P1=aaaaaaaa kind=3
TBPW w=0 addr=2 val=ffffffff
TBCTRL pc=10 op=7c1 cond=1 P=aaaaaaaa
TBPRE pre-P1=aaaaaaaa kind=0
TBCTRL pc=13 op=7c2 cond=0 P=00000000
TBPRE pre-P1=aaaaaaaa kind=1
TBCTRL pc=14 op=7c9 cond=2 P=ffffffff
TBPRE pre-P1=aaaaaaaa kind=3
TBPW w=0 addr=2 val=aaaaaaaa
TBCTRL pc=10 op=7c1 cond=1 P=aaaaaaaa
TBPRE pre-P1=aaaaaaaa kind=0
TBCTRL pc=13 op=7c2 cond=0 P=00000000
TBPRE pre-P1=aaaaaaaa kind=1
TBCTRL pc=14 op=7c9 cond=2 P=aaaaaaaa
TBPRE pre-P1=aaaaaaaa kind=3
TBCTRL pc=15 op=7cf cond=0 P=00000000
TBPRE pre-P1=aaaaaaaa kind=12
[diff /tmp/opencode/m5dir_oyyw9e1x/break_if_scrub_l4] PASS (0 mismatches)

l8 PASS
TBPW w=0 addr=1 val=aaaaaaaa
TBPW w=0 addr=2 val=00000000
TBCTRL pc=7 op=7c8 cond=0 P=00000000
TBPRE pre-P1=aaaaaaaa kind=2
TBPW w=0 addr=2 val=ffffffff
TBCTRL pc=10 op=7c1 cond=1 P=aaaaaaaa
TBPRE pre-P1=aaaaaaaa kind=0
TBCTRL pc=11 op=7ca cond=1 P=aaaaaaaa
TBPRE pre-P1=aaaaaaaa kind=4
TBCTRL pc=13 op=7c2 cond=0 P=00000000
TBPRE pre-P1=aaaaaaaa kind=1
TBCTRL pc=14 op=7c9 cond=2 P=ffffffff
TBPRE pre-P1=aaaaaaaa kind=3
TBPW w=0 addr=2 val=ffffffff
TBCTRL pc=10 op=7c1 cond=1 P=aaaaaaaa
TBPRE pre-P1=aaaaaaaa kind=0
TBCTRL pc=13 op=7c2 cond=0 P=00000000
TBPRE pre-P1=aaaaaaaa kind=1
TBCTRL pc=14 op=7c9 cond=2 P=ffffffff
TBPRE pre-P1=aaaaaaaa kind=3
TBPW w=0 addr=2 val=ffffffff
TBCTRL pc=10 op=7c1 cond=1 P=aaaaaaaa
TBPRE pre-P1=aaaaaaaa kind=0
TBCTRL pc=13 op=7c2 cond=0 P=00000000
TBPRE pre-P1=aaaaaaaa kind=1
TBCTRL pc=14 op=7c9 cond=2 P=ffffffff
TBPRE pre-P1=aaaaaaaa kind=3
TBPW w=0 addr=2 val=aaaaaaaa
TBCTRL pc=10 op=7c1 cond=1 P=aaaaaaaa
TBPRE pre-P1=aaaaaaaa kind=0
TBCTRL pc=13 op=7c2 cond=0 P=00000000
TBPRE pre-P1=aaaaaaaa kind=1
TBCTRL pc=14 op=7c9 cond=2 P=aaaaaaaa
TBPRE pre-P1=aaaaaaaa kind=3
TBCTRL pc=15 op=7cf cond=0 P=00000000
TBPRE pre-P1=aaaaaaaa kind=12
[diff /tmp/opencode/m5dir_oyyw9e1x/break_if_scrub_l8] PASS (0 mismatches)

l16 PASS
TBPW w=0 addr=1 val=aaaaaaaa
TBPW w=0 addr=2 val=00000000
TBCTRL pc=7 op=7c8 cond=0 P=00000000
TBPRE pre-P1=aaaaaaaa kind=2
TBPW w=0 addr=2 val=ffffffff
TBCTRL pc=10 op=7c1 cond=1 P=aaaaaaaa
TBPRE pre-P1=aaaaaaaa kind=0
TBCTRL pc=11 op=7ca cond=1 P=aaaaaaaa
TBPRE pre-P1=aaaaaaaa kind=4
TBCTRL pc=13 op=7c2 cond=0 P=00000000
TBPRE pre-P1=aaaaaaaa kind=1
TBCTRL pc=14 op=7c9 cond=2 P=ffffffff
TBPRE pre-P1=aaaaaaaa kind=3
TBPW w=0 addr=2 val=ffffffff
TBCTRL pc=10 op=7c1 cond=1 P=aaaaaaaa
TBPRE pre-P1=aaaaaaaa kind=0
TBCTRL pc=13 op=7c2 cond=0 P=00000000
TBPRE pre-P1=aaaaaaaa kind=1
TBCTRL pc=14 op=7c9 cond=2 P=ffffffff
TBPRE pre-P1=aaaaaaaa kind=3
TBPW w=0 addr=2 val=ffffffff
TBCTRL pc=10 op=7c1 cond=1 P=aaaaaaaa
TBPRE pre-P1=aaaaaaaa kind=0
TBCTRL pc=13 op=7c2 cond=0 P=00000000
TBPRE pre-P1=aaaaaaaa kind=1
TBCTRL pc=14 op=7c9 cond=2 P=ffffffff
TBPRE pre-P1=aaaaaaaa kind=3
TBPW w=0 addr=2 val=aaaaaaaa
TBCTRL pc=10 op=7c1 cond=1 P=aaaaaaaa
TBPRE pre-P1=aaaaaaaa kind=0
TBCTRL pc=13 op=7c2 cond=0 P=00000000
TBPRE pre-P1=aaaaaaaa kind=1
TBCTRL pc=14 op=7c9 cond=2 P=aaaaaaaa
TBPRE pre-P1=aaaaaaaa kind=3
TBCTRL pc=15 op=7cf cond=0 P=00000000
TBPRE pre-P1=aaaaaaaa kind=12
[diff /tmp/opencode/m5dir_oyyw9e1x/break_if_scrub_l16] PASS (0 mismatches)

l32 PASS
TBPW w=0 addr=1 val=aaaaaaaa
TBPW w=0 addr=2 val=00000000
TBCTRL pc=7 op=7c8 cond=0 P=00000000
TBPRE pre-P1=aaaaaaaa kind=2
TBPW w=0 addr=2 val=ffffffff
TBCTRL pc=10 op=7c1 cond=1 P=aaaaaaaa
TBPRE pre-P1=aaaaaaaa kind=0
TBCTRL pc=11 op=7ca cond=1 P=aaaaaaaa
TBPRE pre-P1=aaaaaaaa kind=4
TBCTRL pc=13 op=7c2 cond=0 P=00000000
TBPRE pre-P1=aaaaaaaa kind=1
TBCTRL pc=14 op=7c9 cond=2 P=ffffffff
TBPRE pre-P1=aaaaaaaa kind=3
TBPW w=0 addr=2 val=ffffffff
TBCTRL pc=10 op=7c1 cond=1 P=aaaaaaaa
TBPRE pre-P1=aaaaaaaa kind=0
TBCTRL pc=13 op=7c2 cond=0 P=00000000
TBPRE pre-P1=aaaaaaaa kind=1
TBCTRL pc=14 op=7c9 cond=2 P=ffffffff
TBPRE pre-P1=aaaaaaaa kind=3
TBPW w=0 addr=2 val=ffffffff
TBCTRL pc=10 op=7c1 cond=1 P=aaaaaaaa
TBPRE pre-P1=aaaaaaaa kind=0
TBCTRL pc=13 op=7c2 cond=0 P=00000000
TBPRE pre-P1=aaaaaaaa kind=1
TBCTRL pc=14 op=7c9 cond=2 P=ffffffff
TBPRE pre-P1=aaaaaaaa kind=3
TBPW w=0 addr=2 val=aaaaaaaa
TBCTRL pc=10 op=7c1 cond=1 P=aaaaaaaa
TBPRE pre-P1=aaaaaaaa kind=0
TBCTRL pc=13 op=7c2 cond=0 P=00000000
TBPRE pre-P1=aaaaaaaa kind=1
TBCTRL pc=14 op=7c9 cond=2 P=aaaaaaaa
TBPRE pre-P1=aaaaaaaa kind=3
TBCTRL pc=15 op=7cf cond=0 P=00000000
TBPRE pre-P1=aaaaaaaa kind=12
[diff /tmp/opencode/m5dir_oyyw9e1x/break_if_scrub_l32] PASS (0 mismatches)

l8 PASS
TBPW w=0 addr=1 val=aaaaaaaa
TBPW w=0 addr=2 val=00000000
TBCTRL pc=7 op=7c8 cond=0 P=00000000
TBPRE pre-P1=aaaaaaaa kind=2
TBPW w=0 addr=2 val=ffffffff
TBCTRL pc=10 op=7c1 cond=1 P=aaaaaaaa
TBPRE pre-P1=aaaaaaaa kind=0
TBCTRL pc=11 op=7ca cond=1 P=aaaaaaaa
TBPRE pre-P1=aaaaaaaa kind=4
TBCTRL pc=13 op=7c2 cond=0 P=00000000
TBPRE pre-P1=aaaaaaaa kind=1
TBCTRL pc=14 op=7c9 cond=2 P=ffffffff
TBPRE pre-P1=aaaaaaaa kind=3
TBPW w=0 addr=2 val=ffffffff
TBCTRL pc=10 op=7c1 cond=1 P=aaaaaaaa
TBPRE pre-P1=aaaaaaaa kind=0
TBCTRL pc=13 op=7c2 cond=0 P=00000000
TBPRE pre-P1=aaaaaaaa kind=1
TBCTRL pc=14 op=7c9 cond=2 P=ffffffff
TBPRE pre-P1=aaaaaaaa kind=3
TBPW w=0 addr=2 val=ffffffff
TBCTRL pc=10 op=7c1 cond=1 P=aaaaaaaa
TBPRE pre-P1=aaaaaaaa kind=0
TBCTRL pc=13 op=7c2 cond=0 P=00000000
TBPRE pre-P1=aaaaaaaa kind=1
TBCTRL pc=14 op=7c9 cond=2 P=ffffffff
TBPRE pre-P1=aaaaaaaa kind=3
TBPW w=0 addr=2 val=aaaaaaaa
TBCTRL pc=10 op=7c1 cond=1 P=aaaaaaaa
TBPRE pre-P1=aaaaaaaa kind=0
TBCTRL pc=13 op=7c2 cond=0 P=00000000
TBPRE pre-P1=aaaaaaaa kind=1
TBCTRL pc=14 op=7c9 cond=2 P=aaaaaaaa
TBPRE pre-P1=aaaaaaaa kind=3
TBCTRL pc=15 op=7cf cond=0 P=00000000
TBPRE pre-P1=aaaaaaaa kind=12
[diff /tmp/opencode/m5dir_6kyb31jg/break_if_scrub_l8] PASS (0 mismatches)

l8 PASS
TBPW w=0 addr=1 val=aaaaaaaa
TBPW w=0 addr=2 val=00000000
TBCTRL pc=7 op=7c8 cond=0 P=00000000
TBPRE pre-P1=aaaaaaaa kind=2
TBPW w=0 addr=2 val=ffffffff
TBCTRL pc=10 op=7c1 cond=1 P=aaaaaaaa
TBPRE pre-P1=aaaaaaaa kind=0
TBCTRL pc=11 op=7ca cond=1 P=aaaaaaaa
TBPRE pre-P1=aaaaaaaa kind=4
TBCTRL pc=13 op=7c2 cond=0 P=00000000
TBPRE pre-P1=aaaaaaaa kind=1
TBCTRL pc=14 op=7c9 cond=2 P=ffffffff
TBPRE pre-P1=aaaaaaaa kind=3
TBPW w=0 addr=2 val=ffffffff
TBCTRL pc=10 op=7c1 cond=1 P=aaaaaaaa
TBPRE pre-P1=aaaaaaaa kind=0
TBCTRL pc=13 op=7c2 cond=0 P=00000000
TBPRE pre-P1=aaaaaaaa kind=1
TBCTRL pc=14 op=7c9 cond=2 P=ffffffff
TBPRE pre-P1=aaaaaaaa kind=3
TBPW w=0 addr=2 val=ffffffff
TBCTRL pc=10 op=7c1 cond=1 P=aaaaaaaa
TBPRE pre-P1=aaaaaaaa kind=0
TBCTRL pc=13 op=7c2 cond=0 P=00000000
TBPRE pre-P1=aaaaaaaa kind=1
TBCTRL pc=14 op=7c9 cond=2 P=ffffffff
TBPRE pre-P1=aaaaaaaa kind=3
TBPW w=0 addr=2 val=aaaaaaaa
TBCTRL pc=10 op=7c1 cond=1 P=aaaaaaaa
TBPRE pre-P1=aaaaaaaa kind=0
TBCTRL pc=13 op=7c2 cond=0 P=00000000
TBPRE pre-P1=aaaaaaaa kind=1
TBCTRL pc=14 op=7c9 cond=2 P=aaaaaaaa
TBPRE pre-P1=aaaaaaaa kind=3
TBCTRL pc=15 op=7cf cond=0 P=00000000
TBPRE pre-P1=aaaaaaaa kind=12
[diff /tmp/opencode/m5dir_dhun9xl9/break_if_scrub_l8] PASS (0 mismatches)

l4 PASS
TBPW w=0 addr=1 val=aaaaaaaa
TBPW w=0 addr=2 val=00000000
TBCTRL pc=7 op=7c8 cond=0 P=00000000
TBPRE pre-P1=aaaaaaaa kind=2
TBPW w=0 addr=2 val=ffffffff
TBCTRL pc=10 op=7c1 cond=1 P=aaaaaaaa
TBPRE pre-P1=aaaaaaaa kind=0
TBCTRL pc=11 op=7ca cond=1 P=aaaaaaaa
TBPRE pre-P1=aaaaaaaa kind=4
TBCTRL pc=13 op=7c2 cond=0 P=00000000
TBPRE pre-P1=aaaaaaaa kind=1
TBCTRL pc=14 op=7c9 cond=2 P=ffffffff
TBPRE pre-P1=aaaaaaaa kind=3
TBPW w=0 addr=2 val=ffffffff
TBCTRL pc=10 op=7c1 cond=1 P=aaaaaaaa
TBPRE pre-P1=aaaaaaaa kind=0
TBCTRL pc=13 op=7c2 cond=0 P=00000000
TBPRE pre-P1=aaaaaaaa kind=1
TBCTRL pc=14 op=7c9 cond=2 P=ffffffff
TBPRE pre-P1=aaaaaaaa kind=3
TBPW w=0 addr=2 val=ffffffff
TBCTRL pc=10 op=7c1 cond=1 P=aaaaaaaa
TBPRE pre-P1=aaaaaaaa kind=0
TBCTRL pc=13 op=7c2 cond=0 P=00000000
TBPRE pre-P1=aaaaaaaa kind=1
TBCTRL pc=14 op=7c9 cond=2 P=ffffffff
TBPRE pre-P1=aaaaaaaa kind=3
TBPW w=0 addr=2 val=aaaaaaaa
TBCTRL pc=10 op=7c1 cond=1 P=aaaaaaaa
TBPRE pre-P1=aaaaaaaa kind=0
TBCTRL pc=13 op=7c2 cond=0 P=00000000
TBPRE pre-P1=aaaaaaaa kind=1
TBCTRL pc=14 op=7c9 cond=2 P=aaaaaaaa
TBPRE pre-P1=aaaaaaaa kind=3
TBCTRL pc=15 op=7cf cond=0 P=00000000
TBPRE pre-P1=aaaaaaaa kind=12
[diff /tmp/opencode/m5dir_nat7zbi1/break_if_scrub_l4] PASS (0 mismatches)

l16 PASS
TBPW w=0 addr=1 val=aaaaaaaa
TBPW w=0 addr=2 val=00000000
TBCTRL pc=7 op=7c8 cond=0 P=00000000
TBPRE pre-P1=aaaaaaaa kind=2
TBPW w=0 addr=2 val=ffffffff
TBCTRL pc=10 op=7c1 cond=1 P=aaaaaaaa
TBPRE pre-P1=aaaaaaaa kind=0
TBCTRL pc=11 op=7ca cond=1 P=aaaaaaaa
TBPRE pre-P1=aaaaaaaa kind=4
TBCTRL pc=13 op=7c2 cond=0 P=00000000
TBPRE pre-P1=aaaaaaaa kind=1
TBCTRL pc=14 op=7c9 cond=2 P=ffffffff
TBPRE pre-P1=aaaaaaaa kind=3
TBPW w=0 addr=2 val=ffffffff
TBCTRL pc=10 op=7c1 cond=1 P=aaaaaaaa
TBPRE pre-P1=aaaaaaaa kind=0
TBCTRL pc=13 op=7c2 cond=0 P=00000000
TBPRE pre-P1=aaaaaaaa kind=1
TBCTRL pc=14 op=7c9 cond=2 P=ffffffff
TBPRE pre-P1=aaaaaaaa kind=3
TBPW w=0 addr=2 val=ffffffff
TBCTRL pc=10 op=7c1 cond=1 P=aaaaaaaa
TBPRE pre-P1=aaaaaaaa kind=0
TBCTRL pc=13 op=7c2 cond=0 P=00000000
TBPRE pre-P1=aaaaaaaa kind=1
TBCTRL pc=14 op=7c9 cond=2 P=ffffffff
TBPRE pre-P1=aaaaaaaa kind=3
TBPW w=0 addr=2 val=aaaaaaaa
TBCTRL pc=10 op=7c1 cond=1 P=aaaaaaaa
TBPRE pre-P1=aaaaaaaa kind=0
TBCTRL pc=13 op=7c2 cond=0 P=00000000
TBPRE pre-P1=aaaaaaaa kind=1
TBCTRL pc=14 op=7c9 cond=2 P=aaaaaaaa
TBPRE pre-P1=aaaaaaaa kind=3
TBCTRL pc=15 op=7cf cond=0 P=00000000
TBPRE pre-P1=aaaaaaaa kind=12
[diff /tmp/opencode/m5dir_igbe31n5/break_if_scrub_l16] PASS (0 mismatches)

l32 PASS
TBPW w=0 addr=1 val=aaaaaaaa
TBPW w=0 addr=2 val=00000000
TBCTRL pc=7 op=7c8 cond=0 P=00000000
TBPRE pre-P1=aaaaaaaa kind=2
TBPW w=0 addr=2 val=ffffffff
TBCTRL pc=10 op=7c1 cond=1 P=aaaaaaaa
TBPRE pre-P1=aaaaaaaa kind=0
TBCTRL pc=11 op=7ca cond=1 P=aaaaaaaa
TBPRE pre-P1=aaaaaaaa kind=4
TBCTRL pc=13 op=7c2 cond=0 P=00000000
TBPRE pre-P1=aaaaaaaa kind=1
TBCTRL pc=14 op=7c9 cond=2 P=ffffffff
TBPRE pre-P1=aaaaaaaa kind=3
TBPW w=0 addr=2 val=ffffffff
TBCTRL pc=10 op=7c1 cond=1 P=aaaaaaaa
TBPRE pre-P1=aaaaaaaa kind=0
TBCTRL pc=13 op=7c2 cond=0 P=00000000
TBPRE pre-P1=aaaaaaaa kind=1
TBCTRL pc=14 op=7c9 cond=2 P=ffffffff
TBPRE pre-P1=aaaaaaaa kind=3
TBPW w=0 addr=2 val=ffffffff
TBCTRL pc=10 op=7c1 cond=1 P=aaaaaaaa
TBPRE pre-P1=aaaaaaaa kind=0
TBCTRL pc=13 op=7c2 cond=0 P=00000000
TBPRE pre-P1=aaaaaaaa kind=1
TBCTRL pc=14 op=7c9 cond=2 P=ffffffff
TBPRE pre-P1=aaaaaaaa kind=3
TBPW w=0 addr=2 val=aaaaaaaa
TBCTRL pc=10 op=7c1 cond=1 P=aaaaaaaa
TBPRE pre-P1=aaaaaaaa kind=0
TBCTRL pc=13 op=7c2 cond=0 P=00000000
TBPRE pre-P1=aaaaaaaa kind=1
TBCTRL pc=14 op=7c9 cond=2 P=aaaaaaaa
TBPRE pre-P1=aaaaaaaa kind=3
TBCTRL pc=15 op=7cf cond=0 P=00000000
TBPRE pre-P1=aaaaaaaa kind=12
[diff /tmp/opencode/m5dir_zzhpohij/break_if_scrub_l32] PASS (0 mismatches)

l8 FAIL
TBPW w=0 addr=1 val=aaaaaaaa
TBPW w=0 addr=2 val=00000000
TBCTRL pc=7 op=7c8 cond=0 P=00000000
TBPRE pre-P1=aaaaaaaa kind=2
TBPW w=0 addr=2 val=ffffffff
TBCTRL pc=10 op=7c1 cond=1 P=aaaaaaaa
TBPRE pre-P1=aaaaaaaa kind=0
TBCTRL pc=11 op=7ca cond=1 P=aaaaaaaa
TBPRE pre-P1=aaaaaaaa kind=4
TBCTRL pc=13 op=7c2 cond=0 P=00000000
TBPRE pre-P1=aaaaaaaa kind=1
TBCTRL pc=14 op=7c9 cond=2 P=ffffffff
TBPRE pre-P1=aaaaaaaa kind=3
TBPW w=0 addr=2 val=ffffffff
TBCTRL pc=10 op=7c1 cond=1 P=aaaaaaaa
TBPRE pre-P1=aaaaaaaa kind=0
TBCTRL pc=13 op=7c2 cond=0 P=00000000
TBPRE pre-P1=aaaaaaaa kind=1
TBCTRL pc=14 op=7c9 cond=2 P=ffffffff
TBPRE pre-P1=aaaaaaaa kind=3
TBPW w=0 addr=2 val=ffffffff
TBCTRL pc=10 op=7c1 cond=1 P=aaaaaaaa
TBPRE pre-P1=aaaaaaaa kind=0
TBCTRL pc=13 op=7c2 cond=0 P=00000000
TBPRE pre-P1=aaaaaaaa kind=1
TBCTRL pc=14 op=7c9 cond=2 P=ffffffff
TBPRE pre-P1=aaaaaaaa kind=3
TBPW w=0 addr=2 val=aaaaaaaa
TBCTRL pc=10 op=7c1 cond=1 P=aaaaaaaa
TBPRE pre-P1=aaaaaaaa kind=0
TBCTRL pc=13 op=7c2 cond=0 P=00000000
TBPRE pre-P1=aaaaaaaa kind=1
TBCTRL pc=14 op=7c9 cond=2 P=aaaaaaaa
TBPRE pre-P1=aaaaaaaa kind=3
TBCTRL pc=15 op=7cf cond=0 P=00000000
TBPRE pre-P1=aaaaaaaa kind=12
MISMATCH state line 6
  A: VGPR 00 00000000 00000000 00000000 00000000 00000000 00000000 00000000 00000000 00000000 00000000 00000000 00000000 00000000 00000000 00000000 00000000 00000000 00000000 00000000 00000000 00000000 00000000 00000000 00000000 00000000 00000000 00000000 00000000 00000000 00000000 00000000 00000000
  B: VGPR 00 00000000 00000001 00000002 00000003 00000004 00000005 00000006 00000007 00000008 00000009 0000000a 0000000b 0000000c 0000000d 0000000e 0000000f 00000010 00000011 00000012 00000013 00000014 00000015 00000016 00000017 00000018 00000019 0000001a 0000001b 0000001c 0000001d 0000001e 0000001f
MISMATCH state line 9
  A: VGPR 03 00000000 00000000 00000000 00000000 00000000 00000000 00000000 00000000 00000000 00000000 00000000 00000000 00000000 00000000 00000000 00000000 00000000 00000000 00000000 00000000 00000000 00000000 00000000 00000000 00000000 00000000 00000000 00000000 00000000 00000000 00000000 00000000
  B: VGPR 03 00000000 00000001 00000000 00000001 00000000 00000001 00000000 00000001 00000000 00000001 00000000 00000001 00000000 00000001 00000000 00000001 00000000 00000001 00000000 00000001 00000000 00000001 00000000 00000001 00000000 00000001 00000000 00000001 00000000 00000001 00000000 00000001
MISMATCH state line 13
  A: VGPR 07 00000001 00000001 00000001 00000001 00000001 00000001 00000001 00000001 00000001 00000001 00000001 00000001 00000001 00000001 00000001 00000001 00000001 00000001 00000001 00000001 00000001 00000001 00000001 00000001 00000001 00000001 00000001 00000001 00000001 00000001 00000001 00000001
  B: VGPR 07 00000003 00000003 00000003 00000003 00000003 00000003 00000003 00000003 00000003 00000003 00000003 00000003 00000003 00000003 00000003 00000003 00000003 00000003 00000003 00000003 00000003 00000003 00000003 00000003 00000003 00000003 00000003 00000003 00000003 00000003 00000003 00000003
[diff /tmp/opencode/m5dir_rfwgwaqq/break_if_scrub_l8] FAIL (4 mismatches)

l8 FAIL
TBPW w=0 addr=1 val=aaaaaaaa
TBPW w=0 addr=2 val=00000000
TBCTRL pc=7 op=7c8 cond=0 P=00000000
TBPRE pre-P1=aaaaaaaa kind=2
TBPW w=0 addr=2 val=ffffffff
TBCTRL pc=10 op=7c1 cond=1 P=aaaaaaaa
TBPRE pre-P1=aaaaaaaa kind=0
TBCTRL pc=11 op=7ca cond=1 P=aaaaaaaa
TBPRE pre-P1=aaaaaaaa kind=4
TBCTRL pc=13 op=7c2 cond=0 P=00000000
TBPRE pre-P1=aaaaaaaa kind=1
TBCTRL pc=14 op=7c9 cond=2 P=ffffffff
TBPRE pre-P1=aaaaaaaa kind=3
TBPW w=0 addr=2 val=ffffffff
TBCTRL pc=10 op=7c1 cond=1 P=aaaaaaaa
TBPRE pre-P1=aaaaaaaa kind=0
TBCTRL pc=13 op=7c2 cond=0 P=00000000
TBPRE pre-P1=aaaaaaaa kind=1
TBCTRL pc=14 op=7c9 cond=2 P=ffffffff
TBPRE pre-P1=aaaaaaaa kind=3
TBPW w=0 addr=2 val=ffffffff
TBCTRL pc=10 op=7c1 cond=1 P=aaaaaaaa
TBPRE pre-P1=aaaaaaaa kind=0
TBCTRL pc=13 op=7c2 cond=0 P=00000000
TBPRE pre-P1=aaaaaaaa kind=1
TBCTRL pc=14 op=7c9 cond=2 P=ffffffff
TBPRE pre-P1=aaaaaaaa kind=3
TBPW w=0 addr=2 val=aaaaaaaa
TBCTRL pc=10 op=7c1 cond=1 P=aaaaaaaa
TBPRE pre-P1=aaaaaaaa kind=0
TBCTRL pc=13 op=7c2 cond=0 P=00000000
TBPRE pre-P1=aaaaaaaa kind=1
TBCTRL pc=14 op=7c9 cond=2 P=aaaaaaaa
TBPRE pre-P1=aaaaaaaa kind=3
TBCTRL pc=15 op=7cf cond=0 P=00000000
TBPRE pre-P1=aaaaaaaa kind=12
MISMATCH state line 6
  A: VGPR 00 00000000 00000000 00000000 00000000 00000000 00000000 00000000 00000000 00000000 00000000 00000000 00000000 00000000 00000000 00000000 00000000 00000000 00000000 00000000 00000000 00000000 00000000 00000000 00000000 00000000 00000000 00000000 00000000 00000000 00000000 00000000 00000000
  B: VGPR 00 00000000 00000001 00000002 00000003 00000004 00000005 00000006 00000007 00000008 00000009 0000000a 0000000b 0000000c 0000000d 0000000e 0000000f 00000010 00000011 00000012 00000013 00000014 00000015 00000016 00000017 00000018 00000019 0000001a 0000001b 0000001c 0000001d 0000001e 0000001f
MISMATCH state line 9
  A: VGPR 03 00000000 00000000 00000000 00000000 00000000 00000000 00000000 00000000 00000000 00000000 00000000 00000000 00000000 00000000 00000000 00000000 00000000 00000000 00000000 00000000 00000000 00000000 00000000 00000000 00000000 00000000 00000000 00000000 00000000 00000000 00000000 00000000
  B: VGPR 03 00000000 00000001 00000000 00000001 00000000 00000001 00000000 00000001 00000000 00000001 00000000 00000001 00000000 00000001 00000000 00000001 00000000 00000001 00000000 00000001 00000000 00000001 00000000 00000001 00000000 00000001 00000000 00000001 00000000 00000001 00000000 00000001
MISMATCH state line 13
  A: VGPR 07 00000001 00000001 00000001 00000001 00000001 00000001 00000001 00000001 00000001 00000001 00000001 00000001 00000001 00000001 00000001 00000001 00000001 00000001 00000001 00000001 00000001 00000001 00000001 00000001 00000001 00000001 00000001 00000001 00000001 00000001 00000001 00000001
  B: VGPR 07 00000003 00000003 00000003 00000003 00000003 00000003 00000003 00000003 00000003 00000003 00000003 00000003 00000003 00000003 00000003 00000003 00000003 00000003 00000003 00000003 00000003 00000003 00000003 00000003 00000003 00000003 00000003 00000003 00000003 00000003 00000003 00000003
[diff /tmp/opencode/m5dir_yiwp87ak/break_if_scrub_l8] FAIL (4 mismatches)

l8 PASS
TBPW w=0 addr=1 val=aaaaaaaa
TBPW w=0 addr=2 val=00000000
TBCTRL pc=7 op=7c8 cond=0 P=00000000
TBPRE pre-P1=aaaaaaaa kind=2
TBPW w=0 addr=2 val=ffffffff
TBCTRL pc=10 op=7c1 cond=1 P=aaaaaaaa
TBPRE pre-P1=aaaaaaaa kind=0
TBCTRL pc=11 op=7ca cond=1 P=aaaaaaaa
TBPRE pre-P1=aaaaaaaa kind=4
TBCTRL pc=13 op=7c2 cond=0 P=00000000
TBPRE pre-P1=aaaaaaaa kind=1
TBCTRL pc=14 op=7c9 cond=2 P=ffffffff
TBPRE pre-P1=aaaaaaaa kind=3
TBPW w=0 addr=2 val=ffffffff
TBCTRL pc=10 op=7c1 cond=1 P=aaaaaaaa
TBPRE pre-P1=aaaaaaaa kind=0
TBCTRL pc=13 op=7c2 cond=0 P=00000000
TBPRE pre-P1=aaaaaaaa kind=1
TBCTRL pc=14 op=7c9 cond=2 P=ffffffff
TBPRE pre-P1=aaaaaaaa kind=3
TBPW w=0 addr=2 val=ffffffff
TBCTRL pc=10 op=7c1 cond=1 P=aaaaaaaa
TBPRE pre-P1=aaaaaaaa kind=0
TBCTRL pc=13 op=7c2 cond=0 P=00000000
TBPRE pre-P1=aaaaaaaa kind=1
TBCTRL pc=14 op=7c9 cond=2 P=ffffffff
TBPRE pre-P1=aaaaaaaa kind=3
TBPW w=0 addr=2 val=aaaaaaaa
TBCTRL pc=10 op=7c1 cond=1 P=aaaaaaaa
TBPRE pre-P1=aaaaaaaa kind=0
TBCTRL pc=13 op=7c2 cond=0 P=00000000
TBPRE pre-P1=aaaaaaaa kind=1
TBCTRL pc=14 op=7c9 cond=2 P=aaaaaaaa
TBPRE pre-P1=aaaaaaaa kind=3
TBCTRL pc=15 op=7cf cond=0 P=00000000
TBPRE pre-P1=aaaaaaaa kind=12
[diff /tmp/opencode/m5dir_mfu9mpwd/break_if_scrub_l8] PASS (0 mismatches)

l8 PASS
TBPW w=0 addr=1 val=aaaaaaaa
TBPW w=0 addr=2 val=00000000
TBCTRL pc=7 op=7c8 cond=0 P=00000000
TBPRE pre-P1=aaaaaaaa kind=2
TBPW w=0 addr=2 val=ffffffff
TBCTRL pc=10 op=7c1 cond=1 P=aaaaaaaa
TBPRE pre-P1=aaaaaaaa kind=0
TBCTRL pc=11 op=7ca cond=1 P=aaaaaaaa
TBPRE pre-P1=aaaaaaaa kind=4
TBCTRL pc=13 op=7c2 cond=0 P=00000000
TBPRE pre-P1=aaaaaaaa kind=1
TBCTRL pc=14 op=7c9 cond=2 P=ffffffff
TBPRE pre-P1=aaaaaaaa kind=3
TBPW w=0 addr=2 val=ffffffff
TBCTRL pc=10 op=7c1 cond=1 P=aaaaaaaa
TBPRE pre-P1=aaaaaaaa kind=0
TBCTRL pc=13 op=7c2 cond=0 P=00000000
TBPRE pre-P1=aaaaaaaa kind=1
TBCTRL pc=14 op=7c9 cond=2 P=ffffffff
TBPRE pre-P1=aaaaaaaa kind=3
TBPW w=0 addr=2 val=ffffffff
TBCTRL pc=10 op=7c1 cond=1 P=aaaaaaaa
TBPRE pre-P1=aaaaaaaa kind=0
TBCTRL pc=13 op=7c2 cond=0 P=00000000
TBPRE pre-P1=aaaaaaaa kind=1
TBCTRL pc=14 op=7c9 cond=2 P=ffffffff
TBPRE pre-P1=aaaaaaaa kind=3
TBPW w=0 addr=2 val=aaaaaaaa
TBCTRL pc=10 op=7c1 cond=1 P=aaaaaaaa
TBPRE pre-P1=aaaaaaaa kind=0
TBCTRL pc=13 op=7c2 cond=0 P=00000000
TBPRE pre-P1=aaaaaaaa kind=1
TBCTRL pc=14 op=7c9 cond=2 P=aaaaaaaa
TBPRE pre-P1=aaaaaaaa kind=3
TBCTRL pc=15 op=7cf cond=0 P=00000000
TBPRE pre-P1=aaaaaaaa kind=12
[diff /tmp/opencode/m5dir_gxmnke16/break_if_scrub_l8] PASS (0 mismatches)

l8 PASS
TBPW w=0 addr=1 val=aaaaaaaa
TBPW w=0 addr=2 val=00000000
TBCTRL pc=7 op=7c8 cond=0 P=00000000
TBPRE pre-P1=aaaaaaaa kind=2
TBPW w=0 addr=2 val=ffffffff
TBCTRL pc=10 op=7c1 cond=1 P=aaaaaaaa
TBPRE pre-P1=aaaaaaaa kind=0
TBCTRL pc=11 op=7ca cond=1 P=aaaaaaaa
TBPRE pre-P1=aaaaaaaa kind=4
TBCTRL pc=13 op=7c2 cond=0 P=00000000
TBPRE pre-P1=aaaaaaaa kind=1
TBCTRL pc=14 op=7c9 cond=2 P=ffffffff
TBPRE pre-P1=aaaaaaaa kind=3
TBPW w=0 addr=2 val=ffffffff
TBCTRL pc=10 op=7c1 cond=1 P=aaaaaaaa
TBPRE pre-P1=aaaaaaaa kind=0
TBCTRL pc=13 op=7c2 cond=0 P=00000000
TBPRE pre-P1=aaaaaaaa kind=1
TBCTRL pc=14 op=7c9 cond=2 P=ffffffff
TBPRE pre-P1=aaaaaaaa kind=3
TBPW w=0 addr=2 val=ffffffff
TBCTRL pc=10 op=7c1 cond=1 P=aaaaaaaa
TBPRE pre-P1=aaaaaaaa kind=0
TBCTRL pc=13 op=7c2 cond=0 P=00000000
TBPRE pre-P1=aaaaaaaa kind=1
TBCTRL pc=14 op=7c9 cond=2 P=ffffffff
TBPRE pre-P1=aaaaaaaa kind=3
TBPW w=0 addr=2 val=aaaaaaaa
TBCTRL pc=10 op=7c1 cond=1 P=aaaaaaaa
TBPRE pre-P1=aaaaaaaa kind=0
TBCTRL pc=13 op=7c2 cond=0 P=00000000
TBPRE pre-P1=aaaaaaaa kind=1
TBCTRL pc=14 op=7c9 cond=2 P=aaaaaaaa
TBPRE pre-P1=aaaaaaaa kind=3
TBCTRL pc=15 op=7cf cond=0 P=00000000
TBPRE pre-P1=aaaaaaaa kind=12
[diff /tmp/opencode/m5dir_59wr0chn/break_if_scrub_l8] PASS (0 mismatches)

l4 PASS
TBPW w=0 addr=1 val=aaaaaaaa
TBPW w=0 addr=2 val=00000000
TBCTRL pc=7 op=7c8 cond=0 P=00000000
TBPRE pre-P1=aaaaaaaa kind=2
TBPW w=0 addr=2 val=ffffffff
TBCTRL pc=10 op=7c1 cond=1 P=aaaaaaaa
TBPRE pre-P1=aaaaaaaa kind=0
TBCTRL pc=11 op=7ca cond=1 P=aaaaaaaa
TBPRE pre-P1=aaaaaaaa kind=4
TBCTRL pc=13 op=7c2 cond=0 P=00000000
TBPRE pre-P1=aaaaaaaa kind=1
TBCTRL pc=14 op=7c9 cond=2 P=ffffffff
TBPRE pre-P1=aaaaaaaa kind=3
TBPW w=0 addr=2 val=ffffffff
TBCTRL pc=10 op=7c1 cond=1 P=aaaaaaaa
TBPRE pre-P1=aaaaaaaa kind=0
TBCTRL pc=13 op=7c2 cond=0 P=00000000
TBPRE pre-P1=aaaaaaaa kind=1
TBCTRL pc=14 op=7c9 cond=2 P=ffffffff
TBPRE pre-P1=aaaaaaaa kind=3
TBPW w=0 addr=2 val=ffffffff
TBCTRL pc=10 op=7c1 cond=1 P=aaaaaaaa
TBPRE pre-P1=aaaaaaaa kind=0
TBCTRL pc=13 op=7c2 cond=0 P=00000000
TBPRE pre-P1=aaaaaaaa kind=1
TBCTRL pc=14 op=7c9 cond=2 P=ffffffff
TBPRE pre-P1=aaaaaaaa kind=3
TBPW w=0 addr=2 val=aaaaaaaa
TBCTRL pc=10 op=7c1 cond=1 P=aaaaaaaa
TBPRE pre-P1=aaaaaaaa kind=0
TBCTRL pc=13 op=7c2 cond=0 P=00000000
TBPRE pre-P1=aaaaaaaa kind=1
TBCTRL pc=14 op=7c9 cond=2 P=aaaaaaaa
TBPRE pre-P1=aaaaaaaa kind=3
TBCTRL pc=15 op=7cf cond=0 P=00000000
TBPRE pre-P1=aaaaaaaa kind=12
[diff /tmp/opencode/m5dir_4t8d500k/break_if_scrub_l4] PASS (0 mismatches)

l16 PASS
TBPW w=0 addr=1 val=aaaaaaaa
TBPW w=0 addr=2 val=00000000
TBCTRL pc=7 op=7c8 cond=0 P=00000000
TBPRE pre-P1=aaaaaaaa kind=2
TBPW w=0 addr=2 val=ffffffff
TBCTRL pc=10 op=7c1 cond=1 P=aaaaaaaa
TBPRE pre-P1=aaaaaaaa kind=0
TBCTRL pc=11 op=7ca cond=1 P=aaaaaaaa
TBPRE pre-P1=aaaaaaaa kind=4
TBCTRL pc=13 op=7c2 cond=0 P=00000000
TBPRE pre-P1=aaaaaaaa kind=1
TBCTRL pc=14 op=7c9 cond=2 P=ffffffff
TBPRE pre-P1=aaaaaaaa kind=3
TBPW w=0 addr=2 val=ffffffff
TBCTRL pc=10 op=7c1 cond=1 P=aaaaaaaa
TBPRE pre-P1=aaaaaaaa kind=0
TBCTRL pc=13 op=7c2 cond=0 P=00000000
TBPRE pre-P1=aaaaaaaa kind=1
TBCTRL pc=14 op=7c9 cond=2 P=ffffffff
TBPRE pre-P1=aaaaaaaa kind=3
TBPW w=0 addr=2 val=ffffffff
TBCTRL pc=10 op=7c1 cond=1 P=aaaaaaaa
TBPRE pre-P1=aaaaaaaa kind=0
TBCTRL pc=13 op=7c2 cond=0 P=00000000
TBPRE pre-P1=aaaaaaaa kind=1
TBCTRL pc=14 op=7c9 cond=2 P=ffffffff
TBPRE pre-P1=aaaaaaaa kind=3
TBPW w=0 addr=2 val=aaaaaaaa
TBCTRL pc=10 op=7c1 cond=1 P=aaaaaaaa
TBPRE pre-P1=aaaaaaaa kind=0
TBCTRL pc=13 op=7c2 cond=0 P=00000000
TBPRE pre-P1=aaaaaaaa kind=1
TBCTRL pc=14 op=7c9 cond=2 P=aaaaaaaa
TBPRE pre-P1=aaaaaaaa kind=3
TBCTRL pc=15 op=7cf cond=0 P=00000000
TBPRE pre-P1=aaaaaaaa kind=12
[diff /tmp/opencode/m5dir_vdgeakmp/break_if_scrub_l16] PASS (0 mismatches)

l32 PASS
TBPW w=0 addr=1 val=aaaaaaaa
TBPW w=0 addr=2 val=00000000
TBCTRL pc=7 op=7c8 cond=0 P=00000000
TBPRE pre-P1=aaaaaaaa kind=2
TBPW w=0 addr=2 val=ffffffff
TBCTRL pc=10 op=7c1 cond=1 P=aaaaaaaa
TBPRE pre-P1=aaaaaaaa kind=0
TBCTRL pc=11 op=7ca cond=1 P=aaaaaaaa
TBPRE pre-P1=aaaaaaaa kind=4
TBCTRL pc=13 op=7c2 cond=0 P=00000000
TBPRE pre-P1=aaaaaaaa kind=1
TBCTRL pc=14 op=7c9 cond=2 P=ffffffff
TBPRE pre-P1=aaaaaaaa kind=3
TBPW w=0 addr=2 val=ffffffff
TBCTRL pc=10 op=7c1 cond=1 P=aaaaaaaa
TBPRE pre-P1=aaaaaaaa kind=0
TBCTRL pc=13 op=7c2 cond=0 P=00000000
TBPRE pre-P1=aaaaaaaa kind=1
TBCTRL pc=14 op=7c9 cond=2 P=ffffffff
TBPRE pre-P1=aaaaaaaa kind=3
TBPW w=0 addr=2 val=ffffffff
TBCTRL pc=10 op=7c1 cond=1 P=aaaaaaaa
TBPRE pre-P1=aaaaaaaa kind=0
TBCTRL pc=13 op=7c2 cond=0 P=00000000
TBPRE pre-P1=aaaaaaaa kind=1
TBCTRL pc=14 op=7c9 cond=2 P=ffffffff
TBPRE pre-P1=aaaaaaaa kind=3
TBPW w=0 addr=2 val=aaaaaaaa
TBCTRL pc=10 op=7c1 cond=1 P=aaaaaaaa
TBPRE pre-P1=aaaaaaaa kind=0
TBCTRL pc=13 op=7c2 cond=0 P=00000000
TBPRE pre-P1=aaaaaaaa kind=1
TBCTRL pc=14 op=7c9 cond=2 P=aaaaaaaa
TBPRE pre-P1=aaaaaaaa kind=3
TBCTRL pc=15 op=7cf cond=0 P=00000000
TBPRE pre-P1=aaaaaaaa kind=12
[diff /tmp/opencode/m5dir_u_j5wiqt/break_if_scrub_l32] PASS (0 mismatches)

l8 PASS
TBPW w=0 addr=1 val=aaaaaaaa
TBPW w=0 addr=2 val=00000000
TBCTRL pc=7 op=7c8 cond=0 P=00000000
TBPRE pre-P1=aaaaaaaa kind=2
TBPW w=0 addr=2 val=ffffffff
TBCTRL pc=10 op=7c1 cond=1 P=aaaaaaaa
TBPRE pre-P1=aaaaaaaa kind=0
TBCTRL pc=11 op=7ca cond=1 P=aaaaaaaa
TBPRE pre-P1=aaaaaaaa kind=4
TBCTRL pc=13 op=7c2 cond=0 P=00000000
TBPRE pre-P1=aaaaaaaa kind=1
TBCTRL pc=14 op=7c9 cond=2 P=ffffffff
TBPRE pre-P1=aaaaaaaa kind=3
TBPW w=0 addr=2 val=ffffffff
TBCTRL pc=10 op=7c1 cond=1 P=aaaaaaaa
TBPRE pre-P1=aaaaaaaa kind=0
TBCTRL pc=13 op=7c2 cond=0 P=00000000
TBPRE pre-P1=aaaaaaaa kind=1
TBCTRL pc=14 op=7c9 cond=2 P=ffffffff
TBPRE pre-P1=aaaaaaaa kind=3
TBPW w=0 addr=2 val=ffffffff
TBCTRL pc=10 op=7c1 cond=1 P=aaaaaaaa
TBPRE pre-P1=aaaaaaaa kind=0
TBCTRL pc=13 op=7c2 cond=0 P=00000000
TBPRE pre-P1=aaaaaaaa kind=1
TBCTRL pc=14 op=7c9 cond=2 P=ffffffff
TBPRE pre-P1=aaaaaaaa kind=3
TBPW w=0 addr=2 val=aaaaaaaa
TBCTRL pc=10 op=7c1 cond=1 P=aaaaaaaa
TBPRE pre-P1=aaaaaaaa kind=0
TBCTRL pc=13 op=7c2 cond=0 P=00000000
TBPRE pre-P1=aaaaaaaa kind=1
TBCTRL pc=14 op=7c9 cond=2 P=aaaaaaaa
TBPRE pre-P1=aaaaaaaa kind=3
TBCTRL pc=15 op=7cf cond=0 P=00000000
TBPRE pre-P1=aaaaaaaa kind=12
[diff /tmp/opencode/m5dir_j5c71qq4/break_if_scrub_l8] PASS (0 mismatches)

l8 PASS
TBPW w=0 addr=1 val=aaaaaaaa
TBPW w=0 addr=2 val=00000000
TBCTRL pc=7 op=7c8 cond=0 P=00000000
TBPRE pre-P1=aaaaaaaa kind=2
TBPW w=0 addr=2 val=ffffffff
TBCTRL pc=10 op=7c1 cond=1 P=aaaaaaaa
TBPRE pre-P1=aaaaaaaa kind=0
TBCTRL pc=11 op=7ca cond=1 P=aaaaaaaa
TBPRE pre-P1=aaaaaaaa kind=4
TBCTRL pc=13 op=7c2 cond=0 P=00000000
TBPRE pre-P1=aaaaaaaa kind=1
TBCTRL pc=14 op=7c9 cond=2 P=ffffffff
TBPRE pre-P1=aaaaaaaa kind=3
TBPW w=0 addr=2 val=ffffffff
TBCTRL pc=10 op=7c1 cond=1 P=aaaaaaaa
TBPRE pre-P1=aaaaaaaa kind=0
TBCTRL pc=13 op=7c2 cond=0 P=00000000
TBPRE pre-P1=aaaaaaaa kind=1
TBCTRL pc=14 op=7c9 cond=2 P=ffffffff
TBPRE pre-P1=aaaaaaaa kind=3
TBPW w=0 addr=2 val=ffffffff
TBCTRL pc=10 op=7c1 cond=1 P=aaaaaaaa
TBPRE pre-P1=aaaaaaaa kind=0
TBCTRL pc=13 op=7c2 cond=0 P=00000000
TBPRE pre-P1=aaaaaaaa kind=1
TBCTRL pc=14 op=7c9 cond=2 P=ffffffff
TBPRE pre-P1=aaaaaaaa kind=3
TBPW w=0 addr=2 val=aaaaaaaa
TBCTRL pc=10 op=7c1 cond=1 P=aaaaaaaa
TBPRE pre-P1=aaaaaaaa kind=0
TBCTRL pc=13 op=7c2 cond=0 P=00000000
TBPRE pre-P1=aaaaaaaa kind=1
TBCTRL pc=14 op=7c9 cond=2 P=aaaaaaaa
TBPRE pre-P1=aaaaaaaa kind=3
TBCTRL pc=15 op=7cf cond=0 P=00000000
TBPRE pre-P1=aaaaaaaa kind=12
[diff /tmp/opencode/m5dir_pbcssfg0/break_if_scrub_l8] PASS (0 mismatches)

l8 PASS
TBPW w=0 addr=1 val=aaaaaaaa
TBPW w=0 addr=2 val=00000000
TBCTRL pc=7 op=7c8 cond=0 P=00000000
TBPRE pre-P1=aaaaaaaa kind=2
TBPW w=0 addr=2 val=ffffffff
TBCTRL pc=10 op=7c1 cond=1 P=aaaaaaaa
TBPRE pre-P1=aaaaaaaa kind=0
TBCTRL pc=11 op=7ca cond=1 P=aaaaaaaa
TBPRE pre-P1=aaaaaaaa kind=4
TBCTRL pc=13 op=7c2 cond=0 P=00000000
TBPRE pre-P1=aaaaaaaa kind=1
TBCTRL pc=14 op=7c9 cond=2 P=ffffffff
TBPRE pre-P1=aaaaaaaa kind=3
TBPW w=0 addr=2 val=ffffffff
TBCTRL pc=10 op=7c1 cond=1 P=aaaaaaaa
TBPRE pre-P1=aaaaaaaa kind=0
TBCTRL pc=13 op=7c2 cond=0 P=00000000
TBPRE pre-P1=aaaaaaaa kind=1
TBCTRL pc=14 op=7c9 cond=2 P=ffffffff
TBPRE pre-P1=aaaaaaaa kind=3
TBPW w=0 addr=2 val=ffffffff
TBCTRL pc=10 op=7c1 cond=1 P=aaaaaaaa
TBPRE pre-P1=aaaaaaaa kind=0
TBCTRL pc=13 op=7c2 cond=0 P=00000000
TBPRE pre-P1=aaaaaaaa kind=1
TBCTRL pc=14 op=7c9 cond=2 P=ffffffff
TBPRE pre-P1=aaaaaaaa kind=3
TBPW w=0 addr=2 val=aaaaaaaa
TBCTRL pc=10 op=7c1 cond=1 P=aaaaaaaa
TBPRE pre-P1=aaaaaaaa kind=0
TBCTRL pc=13 op=7c2 cond=0 P=00000000
TBPRE pre-P1=aaaaaaaa kind=1
TBCTRL pc=14 op=7c9 cond=2 P=aaaaaaaa
TBPRE pre-P1=aaaaaaaa kind=3
TBCTRL pc=15 op=7cf cond=0 P=00000000
TBPRE pre-P1=aaaaaaaa kind=12
[diff /tmp/opencode/m5dir_cc93b_ly/break_if_scrub_l8] PASS (0 mismatches)

l8 PASS
TBPW w=0 addr=1 val=aaaaaaaa
TBPW w=0 addr=2 val=00000000
TBCTRL pc=7 op=7c8 cond=0 P=00000000
TBPRE pre-P1=aaaaaaaa kind=2
TBPW w=0 addr=2 val=ffffffff
TBCTRL pc=10 op=7c1 cond=1 P=aaaaaaaa
TBPRE pre-P1=aaaaaaaa kind=0
TBCTRL pc=11 op=7ca cond=1 P=aaaaaaaa
TBPRE pre-P1=aaaaaaaa kind=4
TBCTRL pc=13 op=7c2 cond=0 P=00000000
TBPRE pre-P1=aaaaaaaa kind=1
TBCTRL pc=14 op=7c9 cond=2 P=ffffffff
TBPRE pre-P1=aaaaaaaa kind=3
TBPW w=0 addr=2 val=ffffffff
TBCTRL pc=10 op=7c1 cond=1 P=aaaaaaaa
TBPRE pre-P1=aaaaaaaa kind=0
TBCTRL pc=13 op=7c2 cond=0 P=00000000
TBPRE pre-P1=aaaaaaaa kind=1
TBCTRL pc=14 op=7c9 cond=2 P=ffffffff
TBPRE pre-P1=aaaaaaaa kind=3
TBPW w=0 addr=2 val=ffffffff
TBCTRL pc=10 op=7c1 cond=1 P=aaaaaaaa
TBPRE pre-P1=aaaaaaaa kind=0
TBCTRL pc=13 op=7c2 cond=0 P=00000000
TBPRE pre-P1=aaaaaaaa kind=1
TBCTRL pc=14 op=7c9 cond=2 P=ffffffff
TBPRE pre-P1=aaaaaaaa kind=3
TBPW w=0 addr=2 val=aaaaaaaa
TBCTRL pc=10 op=7c1 cond=1 P=aaaaaaaa
TBPRE pre-P1=aaaaaaaa kind=0
TBCTRL pc=13 op=7c2 cond=0 P=00000000
TBPRE pre-P1=aaaaaaaa kind=1
TBCTRL pc=14 op=7c9 cond=2 P=aaaaaaaa
TBPRE pre-P1=aaaaaaaa kind=3
TBCTRL pc=15 op=7cf cond=0 P=00000000
TBPRE pre-P1=aaaaaaaa kind=12
[diff /tmp/opencode/m5dir_leyio7d3/break_if_scrub_l8] PASS (0 mismatches)

l8 PASS
TBPW w=0 addr=1 val=aaaaaaaa
TBPW w=0 addr=2 val=00000000
TBCTRL pc=7 op=7c8 cond=0 P=00000000
TBPRE pre-P1=aaaaaaaa kind=2
TBPW w=0 addr=2 val=ffffffff
TBCTRL pc=10 op=7c1 cond=1 P=aaaaaaaa
TBPRE pre-P1=aaaaaaaa kind=0
TBCTRL pc=11 op=7ca cond=1 P=aaaaaaaa
TBPRE pre-P1=aaaaaaaa kind=4
TBCTRL pc=13 op=7c2 cond=0 P=00000000
TBPRE pre-P1=aaaaaaaa kind=1
TBCTRL pc=14 op=7c9 cond=2 P=ffffffff
TBPRE pre-P1=aaaaaaaa kind=3
TBPW w=0 addr=2 val=ffffffff
TBCTRL pc=10 op=7c1 cond=1 P=aaaaaaaa
TBPRE pre-P1=aaaaaaaa kind=0
TBCTRL pc=13 op=7c2 cond=0 P=00000000
TBPRE pre-P1=aaaaaaaa kind=1
TBCTRL pc=14 op=7c9 cond=2 P=ffffffff
TBPRE pre-P1=aaaaaaaa kind=3
TBPW w=0 addr=2 val=ffffffff
TBCTRL pc=10 op=7c1 cond=1 P=aaaaaaaa
TBPRE pre-P1=aaaaaaaa kind=0
TBCTRL pc=13 op=7c2 cond=0 P=00000000
TBPRE pre-P1=aaaaaaaa kind=1
TBCTRL pc=14 op=7c9 cond=2 P=ffffffff
TBPRE pre-P1=aaaaaaaa kind=3
TBPW w=0 addr=2 val=aaaaaaaa
TBCTRL pc=10 op=7c1 cond=1 P=aaaaaaaa
TBPRE pre-P1=aaaaaaaa kind=0
TBCTRL pc=13 op=7c2 cond=0 P=00000000
TBPRE pre-P1=aaaaaaaa kind=1
TBCTRL pc=14 op=7c9 cond=2 P=aaaaaaaa
TBPRE pre-P1=aaaaaaaa kind=3
TBCTRL pc=15 op=7cf cond=0 P=00000000
TBPRE pre-P1=aaaaaaaa kind=12
[diff /tmp/opencode/m5dir_8ggbyb0g/break_if_scrub_l8] PASS (0 mismatches)

l8 PASS
TBPW w=0 addr=1 val=aaaaaaaa
TBPW w=0 addr=2 val=00000000
TBCTRL pc=7 op=7c8 cond=0 P=00000000
TBPRE pre-P1=aaaaaaaa kind=2
TBPW w=0 addr=2 val=ffffffff
TBCTRL pc=10 op=7c1 cond=1 P=aaaaaaaa
TBPRE pre-P1=aaaaaaaa kind=0
TBCTRL pc=11 op=7ca cond=1 P=aaaaaaaa
TBPRE pre-P1=aaaaaaaa kind=4
TBCTRL pc=13 op=7c2 cond=0 P=00000000
TBPRE pre-P1=aaaaaaaa kind=1
TBCTRL pc=14 op=7c9 cond=2 P=ffffffff
TBPRE pre-P1=aaaaaaaa kind=3
TBPW w=0 addr=2 val=ffffffff
TBCTRL pc=10 op=7c1 cond=1 P=aaaaaaaa
TBPRE pre-P1=aaaaaaaa kind=0
TBCTRL pc=13 op=7c2 cond=0 P=00000000
TBPRE pre-P1=aaaaaaaa kind=1
TBCTRL pc=14 op=7c9 cond=2 P=ffffffff
TBPRE pre-P1=aaaaaaaa kind=3
TBPW w=0 addr=2 val=ffffffff
TBCTRL pc=10 op=7c1 cond=1 P=aaaaaaaa
TBPRE pre-P1=aaaaaaaa kind=0
TBCTRL pc=13 op=7c2 cond=0 P=00000000
TBPRE pre-P1=aaaaaaaa kind=1
TBCTRL pc=14 op=7c9 cond=2 P=ffffffff
TBPRE pre-P1=aaaaaaaa kind=3
TBPW w=0 addr=2 val=aaaaaaaa
TBCTRL pc=10 op=7c1 cond=1 P=aaaaaaaa
TBPRE pre-P1=aaaaaaaa kind=0
TBCTRL pc=13 op=7c2 cond=0 P=00000000
TBPRE pre-P1=aaaaaaaa kind=1
TBCTRL pc=14 op=7c9 cond=2 P=aaaaaaaa
TBPRE pre-P1=aaaaaaaa kind=3
TBCTRL pc=15 op=7cf cond=0 P=00000000
TBPRE pre-P1=aaaaaaaa kind=12
[diff /tmp/opencode/m5dir_5kjaf7ur/break_if_scrub_l8] PASS (0 mismatches)

l8 PASS
TBPW w=0 addr=1 val=aaaaaaaa
TBPW w=0 addr=2 val=00000000
TBCTRL pc=7 op=7c8 cond=0 P=00000000
TBPRE pre-P1=aaaaaaaa kind=2
TBPW w=0 addr=2 val=ffffffff
TBCTRL pc=10 op=7c1 cond=1 P=aaaaaaaa
TBPRE pre-P1=aaaaaaaa kind=0
TBCTRL pc=11 op=7ca cond=1 P=aaaaaaaa
TBPRE pre-P1=aaaaaaaa kind=4
TBCTRL pc=13 op=7c2 cond=0 P=00000000
TBPRE pre-P1=aaaaaaaa kind=1
TBCTRL pc=14 op=7c9 cond=2 P=ffffffff
TBPRE pre-P1=aaaaaaaa kind=3
TBPW w=0 addr=2 val=ffffffff
TBCTRL pc=10 op=7c1 cond=1 P=aaaaaaaa
TBPRE pre-P1=aaaaaaaa kind=0
TBCTRL pc=13 op=7c2 cond=0 P=00000000
TBPRE pre-P1=aaaaaaaa kind=1
TBCTRL pc=14 op=7c9 cond=2 P=ffffffff
TBPRE pre-P1=aaaaaaaa kind=3
TBPW w=0 addr=2 val=ffffffff
TBCTRL pc=10 op=7c1 cond=1 P=aaaaaaaa
TBPRE pre-P1=aaaaaaaa kind=0
TBCTRL pc=13 op=7c2 cond=0 P=00000000
TBPRE pre-P1=aaaaaaaa kind=1
TBCTRL pc=14 op=7c9 cond=2 P=ffffffff
TBPRE pre-P1=aaaaaaaa kind=3
TBPW w=0 addr=2 val=aaaaaaaa
TBCTRL pc=10 op=7c1 cond=1 P=aaaaaaaa
TBPRE pre-P1=aaaaaaaa kind=0
TBCTRL pc=13 op=7c2 cond=0 P=00000000
TBPRE pre-P1=aaaaaaaa kind=1
TBCTRL pc=14 op=7c9 cond=2 P=aaaaaaaa
TBPRE pre-P1=aaaaaaaa kind=3
TBCTRL pc=15 op=7cf cond=0 P=00000000
TBPRE pre-P1=aaaaaaaa kind=12
[diff /tmp/opencode/m5dir_z6wswbl0/break_if_scrub_l8] PASS (0 mismatches)

l8 PASS
TBPW w=0 addr=1 val=aaaaaaaa
TBPW w=0 addr=2 val=00000000
TBCTRL pc=7 op=7c8 cond=0 P=00000000
TBPRE pre-P1=aaaaaaaa kind=2
TBPW w=0 addr=2 val=ffffffff
TBCTRL pc=10 op=7c1 cond=1 P=aaaaaaaa
TBPRE pre-P1=aaaaaaaa kind=0
TBCTRL pc=11 op=7ca cond=1 P=aaaaaaaa
TBPRE pre-P1=aaaaaaaa kind=4
TBCTRL pc=13 op=7c2 cond=0 P=00000000
TBPRE pre-P1=aaaaaaaa kind=1
TBCTRL pc=14 op=7c9 cond=2 P=ffffffff
TBPRE pre-P1=aaaaaaaa kind=3
TBPW w=0 addr=2 val=ffffffff
TBCTRL pc=10 op=7c1 cond=1 P=aaaaaaaa
TBPRE pre-P1=aaaaaaaa kind=0
TBCTRL pc=13 op=7c2 cond=0 P=00000000
TBPRE pre-P1=aaaaaaaa kind=1
TBCTRL pc=14 op=7c9 cond=2 P=ffffffff
TBPRE pre-P1=aaaaaaaa kind=3
TBPW w=0 addr=2 val=ffffffff
TBCTRL pc=10 op=7c1 cond=1 P=aaaaaaaa
TBPRE pre-P1=aaaaaaaa kind=0
TBCTRL pc=13 op=7c2 cond=0 P=00000000
TBPRE pre-P1=aaaaaaaa kind=1
TBCTRL pc=14 op=7c9 cond=2 P=ffffffff
TBPRE pre-P1=aaaaaaaa kind=3
TBPW w=0 addr=2 val=aaaaaaaa
TBCTRL pc=10 op=7c1 cond=1 P=aaaaaaaa
TBPRE pre-P1=aaaaaaaa kind=0
TBCTRL pc=13 op=7c2 cond=0 P=00000000
TBPRE pre-P1=aaaaaaaa kind=1
TBCTRL pc=14 op=7c9 cond=2 P=aaaaaaaa
TBPRE pre-P1=aaaaaaaa kind=3
TBCTRL pc=15 op=7cf cond=0 P=00000000
TBPRE pre-P1=aaaaaaaa kind=12
[diff /tmp/opencode/m5dir_m5sut3_0/break_if_scrub_l8] PASS (0 mismatches)

l8 PASS
TBPW w=0 addr=1 val=aaaaaaaa
TBPW w=0 addr=2 val=00000000
TBCTRL pc=7 op=7c8 cond=0 P=00000000
TBPRE pre-P1=aaaaaaaa kind=2
TBPW w=0 addr=2 val=ffffffff
TBCTRL pc=10 op=7c1 cond=1 P=aaaaaaaa
TBPRE pre-P1=aaaaaaaa kind=0
TBCTRL pc=11 op=7ca cond=1 P=aaaaaaaa
TBPRE pre-P1=aaaaaaaa kind=4
TBCTRL pc=13 op=7c2 cond=0 P=00000000
TBPRE pre-P1=aaaaaaaa kind=1
TBCTRL pc=14 op=7c9 cond=2 P=ffffffff
TBPRE pre-P1=aaaaaaaa kind=3
TBPW w=0 addr=2 val=ffffffff
TBCTRL pc=10 op=7c1 cond=1 P=aaaaaaaa
TBPRE pre-P1=aaaaaaaa kind=0
TBCTRL pc=13 op=7c2 cond=0 P=00000000
TBPRE pre-P1=aaaaaaaa kind=1
TBCTRL pc=14 op=7c9 cond=2 P=ffffffff
TBPRE pre-P1=aaaaaaaa kind=3
TBPW w=0 addr=2 val=ffffffff
TBCTRL pc=10 op=7c1 cond=1 P=aaaaaaaa
TBPRE pre-P1=aaaaaaaa kind=0
TBCTRL pc=13 op=7c2 cond=0 P=00000000
TBPRE pre-P1=aaaaaaaa kind=1
TBCTRL pc=14 op=7c9 cond=2 P=ffffffff
TBPRE pre-P1=aaaaaaaa kind=3
TBPW w=0 addr=2 val=aaaaaaaa
TBCTRL pc=10 op=7c1 cond=1 P=aaaaaaaa
TBPRE pre-P1=aaaaaaaa kind=0
TBCTRL pc=13 op=7c2 cond=0 P=00000000
TBPRE pre-P1=aaaaaaaa kind=1
TBCTRL pc=14 op=7c9 cond=2 P=aaaaaaaa
TBPRE pre-P1=aaaaaaaa kind=3
TBCTRL pc=15 op=7cf cond=0 P=00000000
TBPRE pre-P1=aaaaaaaa kind=12
[diff /tmp/opencode/m5dir_xfpax2la/break_if_scrub_l8] PASS (0 mismatches)

l8 PASS
TBPW w=0 addr=1 val=aaaaaaaa
TBPW w=0 addr=2 val=00000000
TBCTRL pc=7 op=7c8 cond=0 P=00000000
TBPRE pre-P1=aaaaaaaa kind=2
TBPW w=0 addr=2 val=ffffffff
TBCTRL pc=10 op=7c1 cond=1 P=aaaaaaaa
TBPRE pre-P1=aaaaaaaa kind=0
TBCTRL pc=11 op=7ca cond=1 P=aaaaaaaa
TBPRE pre-P1=aaaaaaaa kind=4
TBCTRL pc=13 op=7c2 cond=0 P=00000000
TBPRE pre-P1=aaaaaaaa kind=1
TBCTRL pc=14 op=7c9 cond=2 P=ffffffff
TBPRE pre-P1=aaaaaaaa kind=3
TBPW w=0 addr=2 val=ffffffff
TBCTRL pc=10 op=7c1 cond=1 P=aaaaaaaa
TBPRE pre-P1=aaaaaaaa kind=0
TBCTRL pc=13 op=7c2 cond=0 P=00000000
TBPRE pre-P1=aaaaaaaa kind=1
TBCTRL pc=14 op=7c9 cond=2 P=ffffffff
TBPRE pre-P1=aaaaaaaa kind=3
TBPW w=0 addr=2 val=ffffffff
TBCTRL pc=10 op=7c1 cond=1 P=aaaaaaaa
TBPRE pre-P1=aaaaaaaa kind=0
TBCTRL pc=13 op=7c2 cond=0 P=00000000
TBPRE pre-P1=aaaaaaaa kind=1
TBCTRL pc=14 op=7c9 cond=2 P=ffffffff
TBPRE pre-P1=aaaaaaaa kind=3
TBPW w=0 addr=2 val=aaaaaaaa
TBCTRL pc=10 op=7c1 cond=1 P=aaaaaaaa
TBPRE pre-P1=aaaaaaaa kind=0
TBCTRL pc=13 op=7c2 cond=0 P=00000000
TBPRE pre-P1=aaaaaaaa kind=1
TBCTRL pc=14 op=7c9 cond=2 P=aaaaaaaa
TBPRE pre-P1=aaaaaaaa kind=3
TBCTRL pc=15 op=7cf cond=0 P=00000000
TBPRE pre-P1=aaaaaaaa kind=12
[diff /tmp/opencode/m5dir_14b80pr1/break_if_scrub_l8] PASS (0 mismatches)

l8 PASS
TBPW w=0 addr=1 val=aaaaaaaa
TBPW w=0 addr=2 val=00000000
TBCTRL pc=7 op=7c8 cond=0 P=00000000
TBPRE pre-P1=aaaaaaaa kind=2
TBPW w=0 addr=2 val=ffffffff
TBCTRL pc=10 op=7c1 cond=1 P=aaaaaaaa
TBPRE pre-P1=aaaaaaaa kind=0
TBCTRL pc=11 op=7ca cond=1 P=aaaaaaaa
TBPRE pre-P1=aaaaaaaa kind=4
TBCTRL pc=13 op=7c2 cond=0 P=00000000
TBPRE pre-P1=aaaaaaaa kind=1
TBCTRL pc=14 op=7c9 cond=2 P=ffffffff
TBPRE pre-P1=aaaaaaaa kind=3
TBPW w=0 addr=2 val=ffffffff
TBCTRL pc=10 op=7c1 cond=1 P=aaaaaaaa
TBPRE pre-P1=aaaaaaaa kind=0
TBCTRL pc=13 op=7c2 cond=0 P=00000000
TBPRE pre-P1=aaaaaaaa kind=1
TBCTRL pc=14 op=7c9 cond=2 P=ffffffff
TBPRE pre-P1=aaaaaaaa kind=3
TBPW w=0 addr=2 val=ffffffff
TBCTRL pc=10 op=7c1 cond=1 P=aaaaaaaa
TBPRE pre-P1=aaaaaaaa kind=0
TBCTRL pc=13 op=7c2 cond=0 P=00000000
TBPRE pre-P1=aaaaaaaa kind=1
TBCTRL pc=14 op=7c9 cond=2 P=ffffffff
TBPRE pre-P1=aaaaaaaa kind=3
TBPW w=0 addr=2 val=aaaaaaaa
TBCTRL pc=10 op=7c1 cond=1 P=aaaaaaaa
TBPRE pre-P1=aaaaaaaa kind=0
TBCTRL pc=13 op=7c2 cond=0 P=00000000
TBPRE pre-P1=aaaaaaaa kind=1
TBCTRL pc=14 op=7c9 cond=2 P=aaaaaaaa
TBPRE pre-P1=aaaaaaaa kind=3
TBCTRL pc=15 op=7cf cond=0 P=00000000
TBPRE pre-P1=aaaaaaaa kind=12
[diff /tmp/opencode/m5dir_82fl1g4f/break_if_scrub_l8] PASS (0 mismatches)

l8 PASS
TBPW w=0 addr=1 val=aaaaaaaa
TBPW w=0 addr=2 val=00000000
TBCTRL pc=7 op=7c8 cond=0 P=00000000
TBPRE pre-P1=aaaaaaaa kind=2
TBPW w=0 addr=2 val=ffffffff
TBCTRL pc=10 op=7c1 cond=1 P=aaaaaaaa
TBPRE pre-P1=aaaaaaaa kind=0
TBCTRL pc=11 op=7ca cond=1 P=aaaaaaaa
TBPRE pre-P1=aaaaaaaa kind=4
TBCTRL pc=13 op=7c2 cond=0 P=00000000
TBPRE pre-P1=aaaaaaaa kind=1
TBCTRL pc=14 op=7c9 cond=2 P=ffffffff
TBPRE pre-P1=aaaaaaaa kind=3
TBPW w=0 addr=2 val=ffffffff
TBCTRL pc=10 op=7c1 cond=1 P=aaaaaaaa
TBPRE pre-P1=aaaaaaaa kind=0
TBCTRL pc=13 op=7c2 cond=0 P=00000000
TBPRE pre-P1=aaaaaaaa kind=1
TBCTRL pc=14 op=7c9 cond=2 P=ffffffff
TBPRE pre-P1=aaaaaaaa kind=3
TBPW w=0 addr=2 val=ffffffff
TBCTRL pc=10 op=7c1 cond=1 P=aaaaaaaa
TBPRE pre-P1=aaaaaaaa kind=0
TBCTRL pc=13 op=7c2 cond=0 P=00000000
TBPRE pre-P1=aaaaaaaa kind=1
TBCTRL pc=14 op=7c9 cond=2 P=ffffffff
TBPRE pre-P1=aaaaaaaa kind=3
TBPW w=0 addr=2 val=aaaaaaaa
TBCTRL pc=10 op=7c1 cond=1 P=aaaaaaaa
TBPRE pre-P1=aaaaaaaa kind=0
TBCTRL pc=13 op=7c2 cond=0 P=00000000
TBPRE pre-P1=aaaaaaaa kind=1
TBCTRL pc=14 op=7c9 cond=2 P=aaaaaaaa
TBPRE pre-P1=aaaaaaaa kind=3
TBCTRL pc=15 op=7cf cond=0 P=00000000
TBPRE pre-P1=aaaaaaaa kind=12
[diff /tmp/opencode/m5dir_v89i2244/break_if_scrub_l8] PASS (0 mismatches)

l8 PASS
TBPW w=0 addr=1 val=aaaaaaaa
TBPW w=0 addr=2 val=00000000
TBCTRL pc=7 op=7c8 cond=0 P=00000000
TBPRE pre-P1=aaaaaaaa kind=2
TBPW w=0 addr=2 val=ffffffff
TBCTRL pc=10 op=7c1 cond=1 P=aaaaaaaa
TBPRE pre-P1=aaaaaaaa kind=0
TBCTRL pc=11 op=7ca cond=1 P=aaaaaaaa
TBPRE pre-P1=aaaaaaaa kind=4
TBCTRL pc=13 op=7c2 cond=0 P=00000000
TBPRE pre-P1=aaaaaaaa kind=1
TBCTRL pc=14 op=7c9 cond=2 P=ffffffff
TBPRE pre-P1=aaaaaaaa kind=3
TBPW w=0 addr=2 val=ffffffff
TBCTRL pc=10 op=7c1 cond=1 P=aaaaaaaa
TBPRE pre-P1=aaaaaaaa kind=0
TBCTRL pc=13 op=7c2 cond=0 P=00000000
TBPRE pre-P1=aaaaaaaa kind=1
TBCTRL pc=14 op=7c9 cond=2 P=ffffffff
TBPRE pre-P1=aaaaaaaa kind=3
TBPW w=0 addr=2 val=ffffffff
TBCTRL pc=10 op=7c1 cond=1 P=aaaaaaaa
TBPRE pre-P1=aaaaaaaa kind=0
TBCTRL pc=13 op=7c2 cond=0 P=00000000
TBPRE pre-P1=aaaaaaaa kind=1
TBCTRL pc=14 op=7c9 cond=2 P=ffffffff
TBPRE pre-P1=aaaaaaaa kind=3
TBPW w=0 addr=2 val=aaaaaaaa
TBCTRL pc=10 op=7c1 cond=1 P=aaaaaaaa
TBPRE pre-P1=aaaaaaaa kind=0
TBCTRL pc=13 op=7c2 cond=0 P=00000000
TBPRE pre-P1=aaaaaaaa kind=1
TBCTRL pc=14 op=7c9 cond=2 P=aaaaaaaa
TBPRE pre-P1=aaaaaaaa kind=3
TBCTRL pc=15 op=7cf cond=0 P=00000000
TBPRE pre-P1=aaaaaaaa kind=12
[diff /tmp/opencode/m5dir_3m2r6mt2/break_if_scrub_l8] PASS (0 mismatches)

l8 PASS
TBPW w=0 addr=1 val=aaaaaaaa
TBPW w=0 addr=2 val=00000000
TBCTRL pc=7 op=7c8 cond=0 P=00000000
TBPRE pre-P1=aaaaaaaa kind=2
TBPW w=0 addr=2 val=ffffffff
TBCTRL pc=10 op=7c1 cond=1 P=aaaaaaaa
TBPRE pre-P1=aaaaaaaa kind=0
TBCTRL pc=11 op=7ca cond=1 P=aaaaaaaa
TBPRE pre-P1=aaaaaaaa kind=4
TBCTRL pc=13 op=7c2 cond=0 P=00000000
TBPRE pre-P1=aaaaaaaa kind=1
TBCTRL pc=14 op=7c9 cond=2 P=ffffffff
TBPRE pre-P1=aaaaaaaa kind=3
TBPW w=0 addr=2 val=ffffffff
TBCTRL pc=10 op=7c1 cond=1 P=aaaaaaaa
TBPRE pre-P1=aaaaaaaa kind=0
TBCTRL pc=13 op=7c2 cond=0 P=00000000
TBPRE pre-P1=aaaaaaaa kind=1
TBCTRL pc=14 op=7c9 cond=2 P=ffffffff
TBPRE pre-P1=aaaaaaaa kind=3
TBPW w=0 addr=2 val=ffffffff
TBCTRL pc=10 op=7c1 cond=1 P=aaaaaaaa
TBPRE pre-P1=aaaaaaaa kind=0
TBCTRL pc=13 op=7c2 cond=0 P=00000000
TBPRE pre-P1=aaaaaaaa kind=1
TBCTRL pc=14 op=7c9 cond=2 P=ffffffff
TBPRE pre-P1=aaaaaaaa kind=3
TBPW w=0 addr=2 val=aaaaaaaa
TBCTRL pc=10 op=7c1 cond=1 P=aaaaaaaa
TBPRE pre-P1=aaaaaaaa kind=0
TBCTRL pc=13 op=7c2 cond=0 P=00000000
TBPRE pre-P1=aaaaaaaa kind=1
TBCTRL pc=14 op=7c9 cond=2 P=aaaaaaaa
TBPRE pre-P1=aaaaaaaa kind=3
TBCTRL pc=15 op=7cf cond=0 P=00000000
TBPRE pre-P1=aaaaaaaa kind=12
[diff /tmp/opencode/m5dir_lic9sie0/break_if_scrub_l8] PASS (0 mismatches)

l8 PASS
TBPW w=0 addr=1 val=aaaaaaaa
TBPW w=0 addr=2 val=00000000
TBCTRL pc=7 op=7c8 cond=0 P=00000000
TBPRE pre-P1=aaaaaaaa kind=2
TBPW w=0 addr=2 val=ffffffff
TBCTRL pc=10 op=7c1 cond=1 P=aaaaaaaa
TBPRE pre-P1=aaaaaaaa kind=0
TBCTRL pc=11 op=7ca cond=1 P=aaaaaaaa
TBPRE pre-P1=aaaaaaaa kind=4
TBCTRL pc=13 op=7c2 cond=0 P=00000000
TBPRE pre-P1=aaaaaaaa kind=1
TBCTRL pc=14 op=7c9 cond=2 P=ffffffff
TBPRE pre-P1=aaaaaaaa kind=3
TBPW w=0 addr=2 val=ffffffff
TBCTRL pc=10 op=7c1 cond=1 P=aaaaaaaa
TBPRE pre-P1=aaaaaaaa kind=0
TBCTRL pc=13 op=7c2 cond=0 P=00000000
TBPRE pre-P1=aaaaaaaa kind=1
TBCTRL pc=14 op=7c9 cond=2 P=ffffffff
TBPRE pre-P1=aaaaaaaa kind=3
TBPW w=0 addr=2 val=ffffffff
TBCTRL pc=10 op=7c1 cond=1 P=aaaaaaaa
TBPRE pre-P1=aaaaaaaa kind=0
TBCTRL pc=13 op=7c2 cond=0 P=00000000
TBPRE pre-P1=aaaaaaaa kind=1
TBCTRL pc=14 op=7c9 cond=2 P=ffffffff
TBPRE pre-P1=aaaaaaaa kind=3
TBPW w=0 addr=2 val=aaaaaaaa
TBCTRL pc=10 op=7c1 cond=1 P=aaaaaaaa
TBPRE pre-P1=aaaaaaaa kind=0
TBCTRL pc=13 op=7c2 cond=0 P=00000000
TBPRE pre-P1=aaaaaaaa kind=1
TBCTRL pc=14 op=7c9 cond=2 P=aaaaaaaa
TBPRE pre-P1=aaaaaaaa kind=3
TBCTRL pc=15 op=7cf cond=0 P=00000000
TBPRE pre-P1=aaaaaaaa kind=12
[diff /tmp/opencode/m5dir_pomxqxiv/break_if_scrub_l8] PASS (0 mismatches)

l8 PASS
TBPW w=0 addr=1 val=aaaaaaaa
TBPW w=0 addr=2 val=00000000
TBCTRL pc=7 op=7c8 cond=0 P=00000000
TBPRE pre-P1=aaaaaaaa kind=2
TBPW w=0 addr=2 val=ffffffff
TBCTRL pc=10 op=7c1 cond=1 P=aaaaaaaa
TBPRE pre-P1=aaaaaaaa kind=0
TBCTRL pc=11 op=7ca cond=1 P=aaaaaaaa
TBPRE pre-P1=aaaaaaaa kind=4
TBCTRL pc=13 op=7c2 cond=0 P=00000000
TBPRE pre-P1=aaaaaaaa kind=1
TBCTRL pc=14 op=7c9 cond=2 P=ffffffff
TBPRE pre-P1=aaaaaaaa kind=3
TBPW w=0 addr=2 val=ffffffff
TBCTRL pc=10 op=7c1 cond=1 P=aaaaaaaa
TBPRE pre-P1=aaaaaaaa kind=0
TBCTRL pc=13 op=7c2 cond=0 P=00000000
TBPRE pre-P1=aaaaaaaa kind=1
TBCTRL pc=14 op=7c9 cond=2 P=ffffffff
TBPRE pre-P1=aaaaaaaa kind=3
TBPW w=0 addr=2 val=ffffffff
TBCTRL pc=10 op=7c1 cond=1 P=aaaaaaaa
TBPRE pre-P1=aaaaaaaa kind=0
TBCTRL pc=13 op=7c2 cond=0 P=00000000
TBPRE pre-P1=aaaaaaaa kind=1
TBCTRL pc=14 op=7c9 cond=2 P=ffffffff
TBPRE pre-P1=aaaaaaaa kind=3
TBPW w=0 addr=2 val=aaaaaaaa
TBCTRL pc=10 op=7c1 cond=1 P=aaaaaaaa
TBPRE pre-P1=aaaaaaaa kind=0
TBCTRL pc=13 op=7c2 cond=0 P=00000000
TBPRE pre-P1=aaaaaaaa kind=1
TBCTRL pc=14 op=7c9 cond=2 P=aaaaaaaa
TBPRE pre-P1=aaaaaaaa kind=3
TBCTRL pc=15 op=7cf cond=0 P=00000000
TBPRE pre-P1=aaaaaaaa kind=12
[diff /tmp/opencode/m5dir_61ow2ulj/break_if_scrub_l8] PASS (0 mismatches)

l8 PASS
TBPW w=0 addr=1 val=aaaaaaaa
TBPW w=0 addr=2 val=00000000
TBCTRL pc=7 op=7c8 cond=0 P=00000000
TBPRE pre-P1=aaaaaaaa kind=2
TBPW w=0 addr=2 val=ffffffff
TBCTRL pc=10 op=7c1 cond=1 P=aaaaaaaa
TBPRE pre-P1=aaaaaaaa kind=0
TBCTRL pc=11 op=7ca cond=1 P=aaaaaaaa
TBPRE pre-P1=aaaaaaaa kind=4
TBCTRL pc=13 op=7c2 cond=0 P=00000000
TBPRE pre-P1=aaaaaaaa kind=1
TBCTRL pc=14 op=7c9 cond=2 P=ffffffff
TBPRE pre-P1=aaaaaaaa kind=3
TBPW w=0 addr=2 val=ffffffff
TBCTRL pc=10 op=7c1 cond=1 P=aaaaaaaa
TBPRE pre-P1=aaaaaaaa kind=0
TBCTRL pc=13 op=7c2 cond=0 P=00000000
TBPRE pre-P1=aaaaaaaa kind=1
TBCTRL pc=14 op=7c9 cond=2 P=ffffffff
TBPRE pre-P1=aaaaaaaa kind=3
TBPW w=0 addr=2 val=ffffffff
TBCTRL pc=10 op=7c1 cond=1 P=aaaaaaaa
TBPRE pre-P1=aaaaaaaa kind=0
TBCTRL pc=13 op=7c2 cond=0 P=00000000
TBPRE pre-P1=aaaaaaaa kind=1
TBCTRL pc=14 op=7c9 cond=2 P=ffffffff
TBPRE pre-P1=aaaaaaaa kind=3
TBPW w=0 addr=2 val=aaaaaaaa
TBCTRL pc=10 op=7c1 cond=1 P=aaaaaaaa
TBPRE pre-P1=aaaaaaaa kind=0
TBCTRL pc=13 op=7c2 cond=0 P=00000000
TBPRE pre-P1=aaaaaaaa kind=1
TBCTRL pc=14 op=7c9 cond=2 P=aaaaaaaa
TBPRE pre-P1=aaaaaaaa kind=3
TBCTRL pc=15 op=7cf cond=0 P=00000000
TBPRE pre-P1=aaaaaaaa kind=12
[diff /tmp/opencode/m5dir_iws_lc5f/break_if_scrub_l8] PASS (0 mismatches)

l4 PASS
TBPW w=0 addr=1 val=aaaaaaaa
TBPW w=0 addr=2 val=00000000
TBCTRL pc=7 op=7c8 cond=0 P=00000000
TBPRE pre-P1=aaaaaaaa kind=2
TBPW w=0 addr=2 val=ffffffff
TBCTRL pc=10 op=7c1 cond=1 P=aaaaaaaa
TBPRE pre-P1=aaaaaaaa kind=0
TBCTRL pc=11 op=7ca cond=1 P=aaaaaaaa
TBPRE pre-P1=aaaaaaaa kind=4
TBCTRL pc=13 op=7c2 cond=0 P=00000000
TBPRE pre-P1=aaaaaaaa kind=1
TBCTRL pc=14 op=7c9 cond=2 P=ffffffff
TBPRE pre-P1=aaaaaaaa kind=3
TBPW w=0 addr=2 val=ffffffff
TBCTRL pc=10 op=7c1 cond=1 P=aaaaaaaa
TBPRE pre-P1=aaaaaaaa kind=0
TBCTRL pc=13 op=7c2 cond=0 P=00000000
TBPRE pre-P1=aaaaaaaa kind=1
TBCTRL pc=14 op=7c9 cond=2 P=ffffffff
TBPRE pre-P1=aaaaaaaa kind=3
TBPW w=0 addr=2 val=ffffffff
TBCTRL pc=10 op=7c1 cond=1 P=aaaaaaaa
TBPRE pre-P1=aaaaaaaa kind=0
TBCTRL pc=13 op=7c2 cond=0 P=00000000
TBPRE pre-P1=aaaaaaaa kind=1
TBCTRL pc=14 op=7c9 cond=2 P=ffffffff
TBPRE pre-P1=aaaaaaaa kind=3
TBPW w=0 addr=2 val=aaaaaaaa
TBCTRL pc=10 op=7c1 cond=1 P=aaaaaaaa
TBPRE pre-P1=aaaaaaaa kind=0
TBCTRL pc=13 op=7c2 cond=0 P=00000000
TBPRE pre-P1=aaaaaaaa kind=1
TBCTRL pc=14 op=7c9 cond=2 P=aaaaaaaa
TBPRE pre-P1=aaaaaaaa kind=3
TBCTRL pc=15 op=7cf cond=0 P=00000000
TBPRE pre-P1=aaaaaaaa kind=12
[diff /tmp/opencode/m5dir_5ocq1arv/break_if_scrub_l4] PASS (0 mismatches)

l8 PASS
TBPW w=0 addr=1 val=aaaaaaaa
TBPW w=0 addr=2 val=00000000
TBCTRL pc=7 op=7c8 cond=0 P=00000000
TBPRE pre-P1=aaaaaaaa kind=2
TBPW w=0 addr=2 val=ffffffff
TBCTRL pc=10 op=7c1 cond=1 P=aaaaaaaa
TBPRE pre-P1=aaaaaaaa kind=0
TBCTRL pc=11 op=7ca cond=1 P=aaaaaaaa
TBPRE pre-P1=aaaaaaaa kind=4
TBCTRL pc=13 op=7c2 cond=0 P=00000000
TBPRE pre-P1=aaaaaaaa kind=1
TBCTRL pc=14 op=7c9 cond=2 P=ffffffff
TBPRE pre-P1=aaaaaaaa kind=3
TBPW w=0 addr=2 val=ffffffff
TBCTRL pc=10 op=7c1 cond=1 P=aaaaaaaa
TBPRE pre-P1=aaaaaaaa kind=0
TBCTRL pc=13 op=7c2 cond=0 P=00000000
TBPRE pre-P1=aaaaaaaa kind=1
TBCTRL pc=14 op=7c9 cond=2 P=ffffffff
TBPRE pre-P1=aaaaaaaa kind=3
TBPW w=0 addr=2 val=ffffffff
TBCTRL pc=10 op=7c1 cond=1 P=aaaaaaaa
TBPRE pre-P1=aaaaaaaa kind=0
TBCTRL pc=13 op=7c2 cond=0 P=00000000
TBPRE pre-P1=aaaaaaaa kind=1
TBCTRL pc=14 op=7c9 cond=2 P=ffffffff
TBPRE pre-P1=aaaaaaaa kind=3
TBPW w=0 addr=2 val=aaaaaaaa
TBCTRL pc=10 op=7c1 cond=1 P=aaaaaaaa
TBPRE pre-P1=aaaaaaaa kind=0
TBCTRL pc=13 op=7c2 cond=0 P=00000000
TBPRE pre-P1=aaaaaaaa kind=1
TBCTRL pc=14 op=7c9 cond=2 P=aaaaaaaa
TBPRE pre-P1=aaaaaaaa kind=3
TBCTRL pc=15 op=7cf cond=0 P=00000000
TBPRE pre-P1=aaaaaaaa kind=12
[diff /tmp/opencode/m5dir_5ocq1arv/break_if_scrub_l8] PASS (0 mismatches)

l16 PASS
TBPW w=0 addr=1 val=aaaaaaaa
TBPW w=0 addr=2 val=00000000
TBCTRL pc=7 op=7c8 cond=0 P=00000000
TBPRE pre-P1=aaaaaaaa kind=2
TBPW w=0 addr=2 val=ffffffff
TBCTRL pc=10 op=7c1 cond=1 P=aaaaaaaa
TBPRE pre-P1=aaaaaaaa kind=0
TBCTRL pc=11 op=7ca cond=1 P=aaaaaaaa
TBPRE pre-P1=aaaaaaaa kind=4
TBCTRL pc=13 op=7c2 cond=0 P=00000000
TBPRE pre-P1=aaaaaaaa kind=1
TBCTRL pc=14 op=7c9 cond=2 P=ffffffff
TBPRE pre-P1=aaaaaaaa kind=3
TBPW w=0 addr=2 val=ffffffff
TBCTRL pc=10 op=7c1 cond=1 P=aaaaaaaa
TBPRE pre-P1=aaaaaaaa kind=0
TBCTRL pc=13 op=7c2 cond=0 P=00000000
TBPRE pre-P1=aaaaaaaa kind=1
TBCTRL pc=14 op=7c9 cond=2 P=ffffffff
TBPRE pre-P1=aaaaaaaa kind=3
TBPW w=0 addr=2 val=ffffffff
TBCTRL pc=10 op=7c1 cond=1 P=aaaaaaaa
TBPRE pre-P1=aaaaaaaa kind=0
TBCTRL pc=13 op=7c2 cond=0 P=00000000
TBPRE pre-P1=aaaaaaaa kind=1
TBCTRL pc=14 op=7c9 cond=2 P=ffffffff
TBPRE pre-P1=aaaaaaaa kind=3
TBPW w=0 addr=2 val=aaaaaaaa
TBCTRL pc=10 op=7c1 cond=1 P=aaaaaaaa
TBPRE pre-P1=aaaaaaaa kind=0
TBCTRL pc=13 op=7c2 cond=0 P=00000000
TBPRE pre-P1=aaaaaaaa kind=1
TBCTRL pc=14 op=7c9 cond=2 P=aaaaaaaa
TBPRE pre-P1=aaaaaaaa kind=3
TBCTRL pc=15 op=7cf cond=0 P=00000000
TBPRE pre-P1=aaaaaaaa kind=12
[diff /tmp/opencode/m5dir_5ocq1arv/break_if_scrub_l16] PASS (0 mismatches)

l32 PASS
TBPW w=0 addr=1 val=aaaaaaaa
TBPW w=0 addr=2 val=00000000
TBCTRL pc=7 op=7c8 cond=0 P=00000000
TBPRE pre-P1=aaaaaaaa kind=2
TBPW w=0 addr=2 val=ffffffff
TBCTRL pc=10 op=7c1 cond=1 P=aaaaaaaa
TBPRE pre-P1=aaaaaaaa kind=0
TBCTRL pc=11 op=7ca cond=1 P=aaaaaaaa
TBPRE pre-P1=aaaaaaaa kind=4
TBCTRL pc=13 op=7c2 cond=0 P=00000000
TBPRE pre-P1=aaaaaaaa kind=1
TBCTRL pc=14 op=7c9 cond=2 P=ffffffff
TBPRE pre-P1=aaaaaaaa kind=3
TBPW w=0 addr=2 val=ffffffff
TBCTRL pc=10 op=7c1 cond=1 P=aaaaaaaa
TBPRE pre-P1=aaaaaaaa kind=0
TBCTRL pc=13 op=7c2 cond=0 P=00000000
TBPRE pre-P1=aaaaaaaa kind=1
TBCTRL pc=14 op=7c9 cond=2 P=ffffffff
TBPRE pre-P1=aaaaaaaa kind=3
TBPW w=0 addr=2 val=ffffffff
TBCTRL pc=10 op=7c1 cond=1 P=aaaaaaaa
TBPRE pre-P1=aaaaaaaa kind=0
TBCTRL pc=13 op=7c2 cond=0 P=00000000
TBPRE pre-P1=aaaaaaaa kind=1
TBCTRL pc=14 op=7c9 cond=2 P=ffffffff
TBPRE pre-P1=aaaaaaaa kind=3
TBPW w=0 addr=2 val=aaaaaaaa
TBCTRL pc=10 op=7c1 cond=1 P=aaaaaaaa
TBPRE pre-P1=aaaaaaaa kind=0
TBCTRL pc=13 op=7c2 cond=0 P=00000000
TBPRE pre-P1=aaaaaaaa kind=1
TBCTRL pc=14 op=7c9 cond=2 P=aaaaaaaa
TBPRE pre-P1=aaaaaaaa kind=3
TBCTRL pc=15 op=7cf cond=0 P=00000000
TBPRE pre-P1=aaaaaaaa kind=12
[diff /tmp/opencode/m5dir_5ocq1arv/break_if_scrub_l32] PASS (0 mismatches)

l8 PASS
TBPW w=0 addr=1 val=aaaaaaaa
TBPW w=0 addr=2 val=00000000
TBCTRL pc=7 op=7c8 cond=0 P=00000000
TBPRE pre-P1=aaaaaaaa kind=2
TBPW w=0 addr=2 val=ffffffff
TBCTRL pc=10 op=7c1 cond=1 P=aaaaaaaa
TBPRE pre-P1=aaaaaaaa kind=0
TBCTRL pc=11 op=7ca cond=1 P=aaaaaaaa
TBPRE pre-P1=aaaaaaaa kind=4
TBCTRL pc=13 op=7c2 cond=0 P=00000000
TBPRE pre-P1=aaaaaaaa kind=1
TBCTRL pc=14 op=7c9 cond=2 P=ffffffff
TBPRE pre-P1=aaaaaaaa kind=3
TBPW w=0 addr=2 val=ffffffff
TBCTRL pc=10 op=7c1 cond=1 P=aaaaaaaa
TBPRE pre-P1=aaaaaaaa kind=0
TBCTRL pc=13 op=7c2 cond=0 P=00000000
TBPRE pre-P1=aaaaaaaa kind=1
TBCTRL pc=14 op=7c9 cond=2 P=ffffffff
TBPRE pre-P1=aaaaaaaa kind=3
TBPW w=0 addr=2 val=ffffffff
TBCTRL pc=10 op=7c1 cond=1 P=aaaaaaaa
TBPRE pre-P1=aaaaaaaa kind=0
TBCTRL pc=13 op=7c2 cond=0 P=00000000
TBPRE pre-P1=aaaaaaaa kind=1
TBCTRL pc=14 op=7c9 cond=2 P=ffffffff
TBPRE pre-P1=aaaaaaaa kind=3
TBPW w=0 addr=2 val=aaaaaaaa
TBCTRL pc=10 op=7c1 cond=1 P=aaaaaaaa
TBPRE pre-P1=aaaaaaaa kind=0
TBCTRL pc=13 op=7c2 cond=0 P=00000000
TBPRE pre-P1=aaaaaaaa kind=1
TBCTRL pc=14 op=7c9 cond=2 P=aaaaaaaa
TBPRE pre-P1=aaaaaaaa kind=3
TBCTRL pc=15 op=7cf cond=0 P=00000000
TBPRE pre-P1=aaaaaaaa kind=12
[diff /tmp/opencode/m5dir_gwgn1thf/break_if_scrub_l8] PASS (0 mismatches)

l8 PASS
TBPW w=0 addr=1 val=aaaaaaaa
TBPW w=0 addr=2 val=00000000
TBCTRL pc=7 op=7c8 cond=0 P=00000000
TBPRE pre-P1=aaaaaaaa kind=2
TBPW w=0 addr=2 val=ffffffff
TBCTRL pc=10 op=7c1 cond=1 P=aaaaaaaa
TBPRE pre-P1=aaaaaaaa kind=0
TBCTRL pc=11 op=7ca cond=1 P=aaaaaaaa
TBPRE pre-P1=aaaaaaaa kind=4
TBCTRL pc=13 op=7c2 cond=0 P=00000000
TBPRE pre-P1=aaaaaaaa kind=1
TBCTRL pc=14 op=7c9 cond=2 P=ffffffff
TBPRE pre-P1=aaaaaaaa kind=3
TBPW w=0 addr=2 val=ffffffff
TBCTRL pc=10 op=7c1 cond=1 P=aaaaaaaa
TBPRE pre-P1=aaaaaaaa kind=0
TBCTRL pc=13 op=7c2 cond=0 P=00000000
TBPRE pre-P1=aaaaaaaa kind=1
TBCTRL pc=14 op=7c9 cond=2 P=ffffffff
TBPRE pre-P1=aaaaaaaa kind=3
TBPW w=0 addr=2 val=ffffffff
TBCTRL pc=10 op=7c1 cond=1 P=aaaaaaaa
TBPRE pre-P1=aaaaaaaa kind=0
TBCTRL pc=13 op=7c2 cond=0 P=00000000
TBPRE pre-P1=aaaaaaaa kind=1
TBCTRL pc=14 op=7c9 cond=2 P=ffffffff
TBPRE pre-P1=aaaaaaaa kind=3
TBPW w=0 addr=2 val=aaaaaaaa
TBCTRL pc=10 op=7c1 cond=1 P=aaaaaaaa
TBPRE pre-P1=aaaaaaaa kind=0
TBCTRL pc=13 op=7c2 cond=0 P=00000000
TBPRE pre-P1=aaaaaaaa kind=1
TBCTRL pc=14 op=7c9 cond=2 P=aaaaaaaa
TBPRE pre-P1=aaaaaaaa kind=3
TBCTRL pc=15 op=7cf cond=0 P=00000000
TBPRE pre-P1=aaaaaaaa kind=12
[diff /tmp/opencode/m5dir_ksvlu_bp/break_if_scrub_l8] PASS (0 mismatches)

l4 PASS
TBPW w=0 addr=1 val=aaaaaaaa
TBPW w=0 addr=2 val=00000000
TBCTRL pc=7 op=7c8 cond=0 P=00000000
TBPRE pre-P1=aaaaaaaa kind=2
TBPW w=0 addr=2 val=ffffffff
TBCTRL pc=10 op=7c1 cond=1 P=aaaaaaaa
TBPRE pre-P1=aaaaaaaa kind=0
TBCTRL pc=11 op=7ca cond=1 P=aaaaaaaa
TBPRE pre-P1=aaaaaaaa kind=4
TBCTRL pc=13 op=7c2 cond=0 P=00000000
TBPRE pre-P1=aaaaaaaa kind=1
TBCTRL pc=14 op=7c9 cond=2 P=ffffffff
TBPRE pre-P1=aaaaaaaa kind=3
TBPW w=0 addr=2 val=ffffffff
TBCTRL pc=10 op=7c1 cond=1 P=aaaaaaaa
TBPRE pre-P1=aaaaaaaa kind=0
TBCTRL pc=13 op=7c2 cond=0 P=00000000
TBPRE pre-P1=aaaaaaaa kind=1
TBCTRL pc=14 op=7c9 cond=2 P=ffffffff
TBPRE pre-P1=aaaaaaaa kind=3
TBPW w=0 addr=2 val=ffffffff
TBCTRL pc=10 op=7c1 cond=1 P=aaaaaaaa
TBPRE pre-P1=aaaaaaaa kind=0
TBCTRL pc=13 op=7c2 cond=0 P=00000000
TBPRE pre-P1=aaaaaaaa kind=1
TBCTRL pc=14 op=7c9 cond=2 P=ffffffff
TBPRE pre-P1=aaaaaaaa kind=3
TBPW w=0 addr=2 val=aaaaaaaa
TBCTRL pc=10 op=7c1 cond=1 P=aaaaaaaa
TBPRE pre-P1=aaaaaaaa kind=0
TBCTRL pc=13 op=7c2 cond=0 P=00000000
TBPRE pre-P1=aaaaaaaa kind=1
TBCTRL pc=14 op=7c9 cond=2 P=aaaaaaaa
TBPRE pre-P1=aaaaaaaa kind=3
TBCTRL pc=15 op=7cf cond=0 P=00000000
TBPRE pre-P1=aaaaaaaa kind=12
[diff /tmp/opencode/m5dir_a3hwe3k3/break_if_scrub_l4] PASS (0 mismatches)

l8 PASS
TBPW w=0 addr=1 val=aaaaaaaa
TBPW w=0 addr=2 val=00000000
TBCTRL pc=7 op=7c8 cond=0 P=00000000
TBPRE pre-P1=aaaaaaaa kind=2
TBPW w=0 addr=2 val=ffffffff
TBCTRL pc=10 op=7c1 cond=1 P=aaaaaaaa
TBPRE pre-P1=aaaaaaaa kind=0
TBCTRL pc=11 op=7ca cond=1 P=aaaaaaaa
TBPRE pre-P1=aaaaaaaa kind=4
TBCTRL pc=13 op=7c2 cond=0 P=00000000
TBPRE pre-P1=aaaaaaaa kind=1
TBCTRL pc=14 op=7c9 cond=2 P=ffffffff
TBPRE pre-P1=aaaaaaaa kind=3
TBPW w=0 addr=2 val=ffffffff
TBCTRL pc=10 op=7c1 cond=1 P=aaaaaaaa
TBPRE pre-P1=aaaaaaaa kind=0
TBCTRL pc=13 op=7c2 cond=0 P=00000000
TBPRE pre-P1=aaaaaaaa kind=1
TBCTRL pc=14 op=7c9 cond=2 P=ffffffff
TBPRE pre-P1=aaaaaaaa kind=3
TBPW w=0 addr=2 val=ffffffff
TBCTRL pc=10 op=7c1 cond=1 P=aaaaaaaa
TBPRE pre-P1=aaaaaaaa kind=0
TBCTRL pc=13 op=7c2 cond=0 P=00000000
TBPRE pre-P1=aaaaaaaa kind=1
TBCTRL pc=14 op=7c9 cond=2 P=ffffffff
TBPRE pre-P1=aaaaaaaa kind=3
TBPW w=0 addr=2 val=aaaaaaaa
TBCTRL pc=10 op=7c1 cond=1 P=aaaaaaaa
TBPRE pre-P1=aaaaaaaa kind=0
TBCTRL pc=13 op=7c2 cond=0 P=00000000
TBPRE pre-P1=aaaaaaaa kind=1
TBCTRL pc=14 op=7c9 cond=2 P=aaaaaaaa
TBPRE pre-P1=aaaaaaaa kind=3
TBCTRL pc=15 op=7cf cond=0 P=00000000
TBPRE pre-P1=aaaaaaaa kind=12
[diff /tmp/opencode/m5dir_a3hwe3k3/break_if_scrub_l8] PASS (0 mismatches)

l16 PASS
TBPW w=0 addr=1 val=aaaaaaaa
TBPW w=0 addr=2 val=00000000
TBCTRL pc=7 op=7c8 cond=0 P=00000000
TBPRE pre-P1=aaaaaaaa kind=2
TBPW w=0 addr=2 val=ffffffff
TBCTRL pc=10 op=7c1 cond=1 P=aaaaaaaa
TBPRE pre-P1=aaaaaaaa kind=0
TBCTRL pc=11 op=7ca cond=1 P=aaaaaaaa
TBPRE pre-P1=aaaaaaaa kind=4
TBCTRL pc=13 op=7c2 cond=0 P=00000000
TBPRE pre-P1=aaaaaaaa kind=1
TBCTRL pc=14 op=7c9 cond=2 P=ffffffff
TBPRE pre-P1=aaaaaaaa kind=3
TBPW w=0 addr=2 val=ffffffff
TBCTRL pc=10 op=7c1 cond=1 P=aaaaaaaa
TBPRE pre-P1=aaaaaaaa kind=0
TBCTRL pc=13 op=7c2 cond=0 P=00000000
TBPRE pre-P1=aaaaaaaa kind=1
TBCTRL pc=14 op=7c9 cond=2 P=ffffffff
TBPRE pre-P1=aaaaaaaa kind=3
TBPW w=0 addr=2 val=ffffffff
TBCTRL pc=10 op=7c1 cond=1 P=aaaaaaaa
TBPRE pre-P1=aaaaaaaa kind=0
TBCTRL pc=13 op=7c2 cond=0 P=00000000
TBPRE pre-P1=aaaaaaaa kind=1
TBCTRL pc=14 op=7c9 cond=2 P=ffffffff
TBPRE pre-P1=aaaaaaaa kind=3
TBPW w=0 addr=2 val=aaaaaaaa
TBCTRL pc=10 op=7c1 cond=1 P=aaaaaaaa
TBPRE pre-P1=aaaaaaaa kind=0
TBCTRL pc=13 op=7c2 cond=0 P=00000000
TBPRE pre-P1=aaaaaaaa kind=1
TBCTRL pc=14 op=7c9 cond=2 P=aaaaaaaa
TBPRE pre-P1=aaaaaaaa kind=3
TBCTRL pc=15 op=7cf cond=0 P=00000000
TBPRE pre-P1=aaaaaaaa kind=12
[diff /tmp/opencode/m5dir_a3hwe3k3/break_if_scrub_l16] PASS (0 mismatches)

l32 PASS
TBPW w=0 addr=1 val=aaaaaaaa
TBPW w=0 addr=2 val=00000000
TBCTRL pc=7 op=7c8 cond=0 P=00000000
TBPRE pre-P1=aaaaaaaa kind=2
TBPW w=0 addr=2 val=ffffffff
TBCTRL pc=10 op=7c1 cond=1 P=aaaaaaaa
TBPRE pre-P1=aaaaaaaa kind=0
TBCTRL pc=11 op=7ca cond=1 P=aaaaaaaa
TBPRE pre-P1=aaaaaaaa kind=4
TBCTRL pc=13 op=7c2 cond=0 P=00000000
TBPRE pre-P1=aaaaaaaa kind=1
TBCTRL pc=14 op=7c9 cond=2 P=ffffffff
TBPRE pre-P1=aaaaaaaa kind=3
TBPW w=0 addr=2 val=ffffffff
TBCTRL pc=10 op=7c1 cond=1 P=aaaaaaaa
TBPRE pre-P1=aaaaaaaa kind=0
TBCTRL pc=13 op=7c2 cond=0 P=00000000
TBPRE pre-P1=aaaaaaaa kind=1
TBCTRL pc=14 op=7c9 cond=2 P=ffffffff
TBPRE pre-P1=aaaaaaaa kind=3
TBPW w=0 addr=2 val=ffffffff
TBCTRL pc=10 op=7c1 cond=1 P=aaaaaaaa
TBPRE pre-P1=aaaaaaaa kind=0
TBCTRL pc=13 op=7c2 cond=0 P=00000000
TBPRE pre-P1=aaaaaaaa kind=1
TBCTRL pc=14 op=7c9 cond=2 P=ffffffff
TBPRE pre-P1=aaaaaaaa kind=3
TBPW w=0 addr=2 val=aaaaaaaa
TBCTRL pc=10 op=7c1 cond=1 P=aaaaaaaa
TBPRE pre-P1=aaaaaaaa kind=0
TBCTRL pc=13 op=7c2 cond=0 P=00000000
TBPRE pre-P1=aaaaaaaa kind=1
TBCTRL pc=14 op=7c9 cond=2 P=aaaaaaaa
TBPRE pre-P1=aaaaaaaa kind=3
TBCTRL pc=15 op=7cf cond=0 P=00000000
TBPRE pre-P1=aaaaaaaa kind=12
[diff /tmp/opencode/m5dir_a3hwe3k3/break_if_scrub_l32] PASS (0 mismatches)

